timestamp,meter_id,resource,consumption
2026-07-10T00:00,MTR-001,electricity,0.52
2026-07-10T00:00,MTR-002,water,8.03
2026-07-10T01:00,MTR-001,electricity,0.39
2026-07-10T01:00,MTR-002,water,7.81
2026-07-10T02:00,MTR-001,electricity,0.36
2026-07-10T02:00,MTR-002,water,7.00
2026-07-10T03:00,MTR-001,electricity,0.56
2026-07-10T03:00,MTR-002,water,5.87
2026-07-10T04:00,MTR-001,electricity,0.71
2026-07-10T04:00,MTR-002,water,18.36
2026-07-10T05:00,MTR-001,electricity,0.50
2026-07-10T05:00,MTR-002,water,6.10
2026-07-10T06:00,MTR-001,electricity,0.50
2026-07-10T06:00,MTR-002,water,13.09
2026-07-10T07:00,MTR-001,electricity,1.27
2026-07-10T07:00,MTR-002,water,14.63
2026-07-10T08:00,MTR-001,electricity,1.06
2026-07-10T08:00,MTR-002,water,17.82
2026-07-10T09:00,MTR-001,electricity,1.25
2026-07-10T09:00,MTR-002,water,15.43
2026-07-10T10:00,MTR-001,electricity,0.39
2026-07-10T10:00,MTR-002,water,6.82
2026-07-10T11:00,MTR-001,electricity,0.63
2026-07-10T11:00,MTR-002,water,5.68
2026-07-10T12:00,MTR-001,electricity,0.71
2026-07-10T12:00,MTR-002,water,7.66
2026-07-10T13:00,MTR-001,electricity,0.83
2026-07-10T13:00,MTR-002,water,6.64
2026-07-10T14:00,MTR-001,electricity,0.95
2026-07-10T14:00,MTR-002,water,8.21
2026-07-10T15:00,MTR-001,electricity,0.35
2026-07-10T15:00,MTR-002,water,5.83
2026-07-10T16:00,MTR-001,electricity,0.48
2026-07-10T16:00,MTR-002,water,7.43
2026-07-10T17:00,MTR-001,electricity,0.25
2026-07-10T17:00,MTR-002,water,6.61
2026-07-10T18:00,MTR-001,electricity,1.87
2026-07-10T18:00,MTR-002,water,7.34
2026-07-10T19:00,MTR-001,electricity,1.85
2026-07-10T19:00,MTR-002,water,14.17
2026-07-10T20:00,MTR-001,electricity,1.50
2026-07-10T20:00,MTR-002,water,11.87
2026-07-10T21:00,MTR-001,electricity,1.62
2026-07-10T21:00,MTR-002,water,12.10
2026-07-10T22:00,MTR-001,electricity,1.72
2026-07-10T22:00,MTR-002,water,5.45
2026-07-10T23:00,MTR-001,electricity,0.34
2026-07-10T23:00,MTR-002,water,7.71
2026-07-11T00:00,MTR-001,electricity,0.27
2026-07-11T00:00,MTR-002,water,7.24
2026-07-11T01:00,MTR-001,electricity,0.16
2026-07-11T01:00,MTR-002,water,7.59
2026-07-11T02:00,MTR-001,electricity,0.50
2026-07-11T02:00,MTR-002,water,8.66
2026-07-11T03:00,MTR-001,electricity,0.48
2026-07-11T03:00,MTR-002,water,7.81
2026-07-11T04:00,MTR-001,electricity,0.46
2026-07-11T04:00,MTR-002,water,6.61
2026-07-11T05:00,MTR-001,electricity,0.28
2026-07-11T05:00,MTR-002,water,8.47
2026-07-11T06:00,MTR-001,electricity,0.49
2026-07-11T06:00,MTR-002,water,15.64
2026-07-11T07:00,MTR-001,electricity,1.57
2026-07-11T07:00,MTR-002,water,15.58
2026-07-11T08:00,MTR-001,electricity,1.26
2026-07-11T08:00,MTR-002,water,17.17
2026-07-11T09:00,MTR-001,electricity,1.11
2026-07-11T09:00,MTR-002,water,16.63
2026-07-11T10:00,MTR-001,electricity,0.55
2026-07-11T10:00,MTR-002,water,5.71
2026-07-11T11:00,MTR-001,electricity,0.57
2026-07-11T11:00,MTR-002,water,7.04
2026-07-11T12:00,MTR-001,electricity,0.88
2026-07-11T12:00,MTR-002,water,6.44
2026-07-11T13:00,MTR-001,electricity,0.40
2026-07-11T13:00,MTR-002,water,6.04
2026-07-11T14:00,MTR-001,electricity,0.66
2026-07-11T14:00,MTR-002,water,6.01
2026-07-11T15:00,MTR-001,electricity,0.34
2026-07-11T15:00,MTR-002,water,6.90
2026-07-11T16:00,MTR-001,electricity,0.40
2026-07-11T16:00,MTR-002,water,5.89
2026-07-11T17:00,MTR-001,electricity,0.43
2026-07-11T17:00,MTR-002,water,6.73
2026-07-11T18:00,MTR-001,electricity,1.59
2026-07-11T18:00,MTR-002,water,6.95
2026-07-11T19:00,MTR-001,electricity,1.64
2026-07-11T19:00,MTR-002,water,13.55
2026-07-11T20:00,MTR-001,electricity,1.65
2026-07-11T20:00,MTR-002,water,11.78
2026-07-11T21:00,MTR-001,electricity,1.67
2026-07-11T21:00,MTR-002,water,11.53
2026-07-11T22:00,MTR-001,electricity,1.52
2026-07-11T22:00,MTR-002,water,7.25
2026-07-11T23:00,MTR-001,electricity,0.49
2026-07-11T23:00,MTR-002,water,6.96
2026-07-12T00:00,MTR-001,electricity,0.27
2026-07-12T00:00,MTR-002,water,7.13
2026-07-12T01:00,MTR-001,electricity,0.63
2026-07-12T01:00,MTR-002,water,7.06
2026-07-12T02:00,MTR-001,electricity,0.27
2026-07-12T02:00,MTR-002,water,6.65
2026-07-12T03:00,MTR-001,electricity,0.54
2026-07-12T03:00,MTR-002,water,6.09
2026-07-12T04:00,MTR-001,electricity,0.46
2026-07-12T04:00,MTR-002,water,7.05
2026-07-12T05:00,MTR-001,electricity,0.63
2026-07-12T05:00,MTR-002,water,8.19
2026-07-12T06:00,MTR-001,electricity,0.54
2026-07-12T06:00,MTR-002,water,14.21
2026-07-12T07:00,MTR-001,electricity,1.28
2026-07-12T07:00,MTR-002,water,15.01
2026-07-12T08:00,MTR-001,electricity,1.42
2026-07-12T08:00,MTR-002,water,15.97
2026-07-12T09:00,MTR-001,electricity,1.22
2026-07-12T09:00,MTR-002,water,15.89
2026-07-12T10:00,MTR-001,electricity,0.53
2026-07-12T10:00,MTR-002,water,5.36
2026-07-12T11:00,MTR-001,electricity,0.58
2026-07-12T11:00,MTR-002,water,6.16
2026-07-12T12:00,MTR-001,electricity,0.63
2026-07-12T12:00,MTR-002,water,7.40
2026-07-12T13:00,MTR-001,electricity,0.74
2026-07-12T13:00,MTR-002,water,6.08
2026-07-12T14:00,MTR-001,electricity,0.73
2026-07-12T14:00,MTR-002,water,6.97
2026-07-12T15:00,MTR-001,electricity,0.59
2026-07-12T15:00,MTR-002,water,8.07
2026-07-12T16:00,MTR-001,electricity,0.67
2026-07-12T16:00,MTR-002,water,6.35
2026-07-12T17:00,MTR-001,electricity,0.57
2026-07-12T17:00,MTR-002,water,5.70
2026-07-12T18:00,MTR-001,electricity,1.65
2026-07-12T18:00,MTR-002,water,6.72
2026-07-12T19:00,MTR-001,electricity,1.61
2026-07-12T19:00,MTR-002,water,14.99
2026-07-12T20:00,MTR-001,electricity,1.67
2026-07-12T20:00,MTR-002,water,10.92
2026-07-12T21:00,MTR-001,electricity,1.64
2026-07-12T21:00,MTR-002,water,12.46
2026-07-12T22:00,MTR-001,electricity,1.60
2026-07-12T22:00,MTR-002,water,6.43
2026-07-12T23:00,MTR-001,electricity,0.40
2026-07-12T23:00,MTR-002,water,6.55
2026-07-13T00:00,MTR-001,electricity,0.48
2026-07-13T00:00,MTR-002,water,8.10
2026-07-13T01:00,MTR-001,electricity,0.38
2026-07-13T01:00,MTR-002,water,7.59
2026-07-13T02:00,MTR-001,electricity,0.44
2026-07-13T02:00,MTR-002,water,5.75
2026-07-13T03:00,MTR-001,electricity,0.56
2026-07-13T03:00,MTR-002,water,7.13
2026-07-13T04:00,MTR-001,electricity,0.37
2026-07-13T04:00,MTR-002,water,7.94
2026-07-13T05:00,MTR-001,electricity,0.51
2026-07-13T05:00,MTR-002,water,7.24
2026-07-13T06:00,MTR-001,electricity,0.48
2026-07-13T06:00,MTR-002,water,15.27
2026-07-13T07:00,MTR-001,electricity,1.27
2026-07-13T07:00,MTR-002,water,13.84
2026-07-13T08:00,MTR-001,electricity,1.36
2026-07-13T08:00,MTR-002,water,15.34
2026-07-13T09:00,MTR-001,electricity,1.25
2026-07-13T09:00,MTR-002,water,15.88
2026-07-13T10:00,MTR-001,electricity,0.58
2026-07-13T10:00,MTR-002,water,6.20
2026-07-13T11:00,MTR-001,electricity,0.48
2026-07-13T11:00,MTR-002,water,7.43
2026-07-13T12:00,MTR-001,electricity,0.77
2026-07-13T12:00,MTR-002,water,6.33
2026-07-13T13:00,MTR-001,electricity,0.63
2026-07-13T13:00,MTR-002,water,6.74
2026-07-13T14:00,MTR-001,electricity,0.69
2026-07-13T14:00,MTR-002,water,6.69
2026-07-13T15:00,MTR-001,electricity,0.49
2026-07-13T15:00,MTR-002,water,7.31
2026-07-13T16:00,MTR-001,electricity,0.43
2026-07-13T16:00,MTR-002,water,6.53
2026-07-13T17:00,MTR-001,electricity,0.26
2026-07-13T17:00,MTR-002,water,7.79
2026-07-13T18:00,MTR-001,electricity,1.68
2026-07-13T18:00,MTR-002,water,5.74
2026-07-13T19:00,MTR-001,electricity,1.67
2026-07-13T19:00,MTR-002,water,12.71
2026-07-13T20:00,MTR-001,electricity,1.61
2026-07-13T20:00,MTR-002,water,11.90
2026-07-13T21:00,MTR-001,electricity,1.55
2026-07-13T21:00,MTR-002,water,14.68
2026-07-13T22:00,MTR-001,electricity,1.67
2026-07-13T22:00,MTR-002,water,6.38
2026-07-13T23:00,MTR-001,electricity,0.48
2026-07-13T23:00,MTR-002,water,8.30
2026-07-14T00:00,MTR-001,electricity,0.35
2026-07-14T00:00,MTR-002,water,7.14
2026-07-14T01:00,MTR-001,electricity,0.46
2026-07-14T01:00,MTR-002,water,7.64
2026-07-14T02:00,MTR-001,electricity,2.89
2026-07-14T02:00,MTR-002,water,8.39
2026-07-14T03:00,MTR-001,electricity,5.70
2026-07-14T03:00,MTR-002,water,6.22
2026-07-14T04:00,MTR-001,electricity,0.47
2026-07-14T04:00,MTR-002,water,29.60
2026-07-14T05:00,MTR-001,electricity,0.58
2026-07-14T05:00,MTR-002,water,7.65
2026-07-14T06:00,MTR-001,electricity,0.46
2026-07-14T06:00,MTR-002,water,15.68
2026-07-14T07:00,MTR-001,electricity,1.18
2026-07-14T07:00,MTR-002,water,13.57
2026-07-14T08:00,MTR-001,electricity,1.24
2026-07-14T08:00,MTR-002,water,14.06
2026-07-14T09:00,MTR-001,electricity,1.12
2026-07-14T09:00,MTR-002,water,15.19
2026-07-14T10:00,MTR-001,electricity,0.42
2026-07-14T10:00,MTR-002,water,7.07
2026-07-14T11:00,MTR-001,electricity,0.60
2026-07-14T11:00,MTR-002,water,8.65
2026-07-14T12:00,MTR-001,electricity,0.73
2026-07-14T12:00,MTR-002,water,5.97
2026-07-14T13:00,MTR-001,electricity,0.71
2026-07-14T13:00,MTR-002,water,5.60
2026-07-14T14:00,MTR-001,electricity,0.79
2026-07-14T14:00,MTR-002,water,6.69
2026-07-14T15:00,MTR-001,electricity,0.43
2026-07-14T15:00,MTR-002,water,7.56
2026-07-14T16:00,MTR-001,electricity,0.41
2026-07-14T16:00,MTR-002,water,7.62
2026-07-14T17:00,MTR-001,electricity,0.32
2026-07-14T17:00,MTR-002,water,6.16
2026-07-14T18:00,MTR-001,electricity,1.61
2026-07-14T18:00,MTR-002,water,7.34
2026-07-14T19:00,MTR-001,electricity,1.84
2026-07-14T19:00,MTR-002,water,14.26
2026-07-14T20:00,MTR-001,electricity,1.56
2026-07-14T20:00,MTR-002,water,13.38
2026-07-14T21:00,MTR-001,electricity,1.81
2026-07-14T21:00,MTR-002,water,14.14
2026-07-14T22:00,MTR-001,electricity,1.65
2026-07-14T22:00,MTR-002,water,5.74
2026-07-14T23:00,MTR-001,electricity,0.59
2026-07-14T23:00,MTR-002,water,7.64
2026-07-15T00:00,MTR-001,electricity,0.64
2026-07-15T00:00,MTR-002,water,8.87
2026-07-15T01:00,MTR-001,electricity,0.59
2026-07-15T01:00,MTR-002,water,7.18
2026-07-15T02:00,MTR-001,electricity,0.60
2026-07-15T02:00,MTR-002,water,8.67
2026-07-15T03:00,MTR-001,electricity,3.14
2026-07-15T03:00,MTR-002,water,6.53
2026-07-15T04:00,MTR-001,electricity,0.33
2026-07-15T04:00,MTR-002,water,6.03
2026-07-15T05:00,MTR-001,electricity,0.38
2026-07-15T05:00,MTR-002,water,6.68
2026-07-15T06:00,MTR-001,electricity,0.36
2026-07-15T06:00,MTR-002,water,15.99
2026-07-15T07:00,MTR-001,electricity,1.34
2026-07-15T07:00,MTR-002,water,14.76
2026-07-15T08:00,MTR-001,electricity,1.19
2026-07-15T08:00,MTR-002,water,14.45
2026-07-15T09:00,MTR-001,electricity,1.57
2026-07-15T09:00,MTR-002,water,13.57
2026-07-15T10:00,MTR-001,electricity,0.36
2026-07-15T10:00,MTR-002,water,7.83
2026-07-15T11:00,MTR-001,electricity,0.43
2026-07-15T11:00,MTR-002,water,7.99
2026-07-15T12:00,MTR-001,electricity,0.77
2026-07-15T12:00,MTR-002,water,5.54
2026-07-15T13:00,MTR-001,electricity,0.66
2026-07-15T13:00,MTR-002,water,6.23
2026-07-15T14:00,MTR-001,electricity,0.80
2026-07-15T14:00,MTR-002,water,7.72
2026-07-15T15:00,MTR-001,electricity,0.65
2026-07-15T15:00,MTR-002,water,7.52
2026-07-15T16:00,MTR-001,electricity,0.50
2026-07-15T16:00,MTR-002,water,6.07
2026-07-15T17:00,MTR-001,electricity,0.44
2026-07-15T17:00,MTR-002,water,7.89
2026-07-15T18:00,MTR-001,electricity,1.84
2026-07-15T18:00,MTR-002,water,5.64
2026-07-15T19:00,MTR-001,electricity,1.58
2026-07-15T19:00,MTR-002,water,14.48
2026-07-15T20:00,MTR-001,electricity,1.83
2026-07-15T20:00,MTR-002,water,13.97
2026-07-15T21:00,MTR-001,electricity,1.47
2026-07-15T21:00,MTR-002,water,13.43
2026-07-15T22:00,MTR-001,electricity,1.56
2026-07-15T22:00,MTR-002,water,6.89
2026-07-15T23:00,MTR-001,electricity,0.53
2026-07-15T23:00,MTR-002,water,7.11
2026-07-16T00:00,MTR-001,electricity,0.41
2026-07-16T00:00,MTR-002,water,7.16
2026-07-16T01:00,MTR-001,electricity,0.26
2026-07-16T01:00,MTR-002,water,19.52
2026-07-16T02:00,MTR-001,electricity,0.59
2026-07-16T02:00,MTR-002,water,19.03
2026-07-16T03:00,MTR-001,electricity,0.48
2026-07-16T03:00,MTR-002,water,18.59
2026-07-16T04:00,MTR-001,electricity,0.27
2026-07-16T04:00,MTR-002,water,6.77
2026-07-16T05:00,MTR-001,electricity,0.50
2026-07-16T05:00,MTR-002,water,7.93
2026-07-16T06:00,MTR-001,electricity,0.40
2026-07-16T06:00,MTR-002,water,15.78
2026-07-16T07:00,MTR-001,electricity,1.22
2026-07-16T07:00,MTR-002,water,16.48
2026-07-16T08:00,MTR-001,electricity,1.29
2026-07-16T08:00,MTR-002,water,15.49
2026-07-16T09:00,MTR-001,electricity,1.26
2026-07-16T09:00,MTR-002,water,16.60
2026-07-16T10:00,MTR-001,electricity,0.46
2026-07-16T10:00,MTR-002,water,6.69
2026-07-16T11:00,MTR-001,electricity,0.37
2026-07-16T11:00,MTR-002,water,8.12
2026-07-16T12:00,MTR-001,electricity,0.86
2026-07-16T12:00,MTR-002,water,7.93
2026-07-16T13:00,MTR-001,electricity,0.84
2026-07-16T13:00,MTR-002,water,7.08
2026-07-16T14:00,MTR-001,electricity,0.66
2026-07-16T14:00,MTR-002,water,7.60
2026-07-16T15:00,MTR-001,electricity,0.48
2026-07-16T15:00,MTR-002,water,7.32
2026-07-16T16:00,MTR-001,electricity,0.50
2026-07-16T16:00,MTR-002,water,6.98
2026-07-16T17:00,MTR-001,electricity,0.40
2026-07-16T17:00,MTR-002,water,6.49
2026-07-16T18:00,MTR-001,electricity,1.57
2026-07-16T18:00,MTR-002,water,6.39
2026-07-16T19:00,MTR-001,electricity,1.80
2026-07-16T19:00,MTR-002,water,12.92
2026-07-16T20:00,MTR-001,electricity,1.62
2026-07-16T20:00,MTR-002,water,12.98
2026-07-16T21:00,MTR-001,electricity,1.58
2026-07-16T21:00,MTR-002,water,12.38
2026-07-16T22:00,MTR-001,electricity,1.72
2026-07-16T22:00,MTR-002,water,6.49
2026-07-16T23:00,MTR-001,electricity,0.44
2026-07-16T23:00,MTR-002,water,7.51
2026-07-17T00:00,MTR-001,electricity,0.50
2026-07-17T00:00,MTR-002,water,8.35
2026-07-17T01:00,MTR-001,electricity,0.38
2026-07-17T01:00,MTR-002,water,7.88
2026-07-17T02:00,MTR-001,electricity,0.39
2026-07-17T02:00,MTR-002,water,7.08
2026-07-17T03:00,MTR-001,electricity,0.59
2026-07-17T03:00,MTR-002,water,5.88
2026-07-17T04:00,MTR-001,electricity,0.69
2026-07-17T04:00,MTR-002,water,19.29
2026-07-17T05:00,MTR-001,electricity,0.47
2026-07-17T05:00,MTR-002,water,6.29
2026-07-17T06:00,MTR-001,electricity,0.51
2026-07-17T06:00,MTR-002,water,13.32
2026-07-17T07:00,MTR-001,electricity,1.28
2026-07-17T07:00,MTR-002,water,14.68
2026-07-17T08:00,MTR-001,electricity,1.05
2026-07-17T08:00,MTR-002,water,16.76
2026-07-17T09:00,MTR-001,electricity,1.36
2026-07-17T09:00,MTR-002,water,17.07
2026-07-17T10:00,MTR-001,electricity,0.40
2026-07-17T10:00,MTR-002,water,6.78
2026-07-17T11:00,MTR-001,electricity,0.68
2026-07-17T11:00,MTR-002,water,5.96
2026-07-17T12:00,MTR-001,electricity,0.69
2026-07-17T12:00,MTR-002,water,7.33
2026-07-17T13:00,MTR-001,electricity,0.86
2026-07-17T13:00,MTR-002,water,7.21
2026-07-17T14:00,MTR-001,electricity,0.96
2026-07-17T14:00,MTR-002,water,8.21
2026-07-17T15:00,MTR-001,electricity,0.33
2026-07-17T15:00,MTR-002,water,6.50
2026-07-17T16:00,MTR-001,electricity,0.47
2026-07-17T16:00,MTR-002,water,7.83
2026-07-17T17:00,MTR-001,electricity,0.23
2026-07-17T17:00,MTR-002,water,7.50
2026-07-17T18:00,MTR-001,electricity,1.83
2026-07-17T18:00,MTR-002,water,7.21
2026-07-17T19:00,MTR-001,electricity,1.89
2026-07-17T19:00,MTR-002,water,15.24
2026-07-17T20:00,MTR-001,electricity,1.49
2026-07-17T20:00,MTR-002,water,11.86
2026-07-17T21:00,MTR-001,electricity,1.67
2026-07-17T21:00,MTR-002,water,12.50
2026-07-17T22:00,MTR-001,electricity,1.65
2026-07-17T22:00,MTR-002,water,5.01
2026-07-17T23:00,MTR-001,electricity,0.35
2026-07-17T23:00,MTR-002,water,7.91
2026-07-18T00:00,MTR-001,electricity,0.30
2026-07-18T00:00,MTR-002,water,7.46
2026-07-18T01:00,MTR-001,electricity,0.17
2026-07-18T01:00,MTR-002,water,7.60
2026-07-18T02:00,MTR-001,electricity,0.46
2026-07-18T02:00,MTR-002,water,9.51
2026-07-18T03:00,MTR-001,electricity,0.49
2026-07-18T03:00,MTR-002,water,7.41
2026-07-18T04:00,MTR-001,electricity,0.45
2026-07-18T04:00,MTR-002,water,6.02
2026-07-18T05:00,MTR-001,electricity,0.31
2026-07-18T05:00,MTR-002,water,7.87
2026-07-18T06:00,MTR-001,electricity,0.54
2026-07-18T06:00,MTR-002,water,15.25
2026-07-18T07:00,MTR-001,electricity,1.47
2026-07-18T07:00,MTR-002,water,14.22
2026-07-18T08:00,MTR-001,electricity,1.34
2026-07-18T08:00,MTR-002,water,17.07
2026-07-18T09:00,MTR-001,electricity,1.24
2026-07-18T09:00,MTR-002,water,18.62
2026-07-18T10:00,MTR-001,electricity,0.59
2026-07-18T10:00,MTR-002,water,5.78
2026-07-18T11:00,MTR-001,electricity,0.62
2026-07-18T11:00,MTR-002,water,7.86
2026-07-18T12:00,MTR-001,electricity,0.89
2026-07-18T12:00,MTR-002,water,7.10
2026-07-18T13:00,MTR-001,electricity,0.42
2026-07-18T13:00,MTR-002,water,5.83
2026-07-18T14:00,MTR-001,electricity,0.64
2026-07-18T14:00,MTR-002,water,6.12
2026-07-18T15:00,MTR-001,electricity,0.36
2026-07-18T15:00,MTR-002,water,6.72
2026-07-18T16:00,MTR-001,electricity,0.40
2026-07-18T16:00,MTR-002,water,5.95
2026-07-18T17:00,MTR-001,electricity,0.44
2026-07-18T17:00,MTR-002,water,6.99
2026-07-18T18:00,MTR-001,electricity,1.70
2026-07-18T18:00,MTR-002,water,6.90
2026-07-18T19:00,MTR-001,electricity,1.69
2026-07-18T19:00,MTR-002,water,14.55
2026-07-18T20:00,MTR-001,electricity,1.60
2026-07-18T20:00,MTR-002,water,12.72
2026-07-18T21:00,MTR-001,electricity,1.68
2026-07-18T21:00,MTR-002,water,12.67
2026-07-18T22:00,MTR-001,electricity,1.56
2026-07-18T22:00,MTR-002,water,7.69
2026-07-18T23:00,MTR-001,electricity,0.50
2026-07-18T23:00,MTR-002,water,6.98
2026-07-19T00:00,MTR-001,electricity,0.28
2026-07-19T00:00,MTR-002,water,7.02
2026-07-19T01:00,MTR-001,electricity,0.60
2026-07-19T01:00,MTR-002,water,7.86
2026-07-19T02:00,MTR-001,electricity,0.31
2026-07-19T02:00,MTR-002,water,6.72
2026-07-19T03:00,MTR-001,electricity,0.53
2026-07-19T03:00,MTR-002,water,6.02
2026-07-19T04:00,MTR-001,electricity,0.46
2026-07-19T04:00,MTR-002,water,7.22
2026-07-19T05:00,MTR-001,electricity,0.59
2026-07-19T05:00,MTR-002,water,7.86
2026-07-19T06:00,MTR-001,electricity,0.52
2026-07-19T06:00,MTR-002,water,14.33
2026-07-19T07:00,MTR-001,electricity,1.22
2026-07-19T07:00,MTR-002,water,14.71
2026-07-19T08:00,MTR-001,electricity,1.43
2026-07-19T08:00,MTR-002,water,15.96
2026-07-19T09:00,MTR-001,electricity,1.27
2026-07-19T09:00,MTR-002,water,16.81
2026-07-19T10:00,MTR-001,electricity,0.57
2026-07-19T10:00,MTR-002,water,5.31
2026-07-19T11:00,MTR-001,electricity,0.56
2026-07-19T11:00,MTR-002,water,6.35
2026-07-19T12:00,MTR-001,electricity,0.64
2026-07-19T12:00,MTR-002,water,7.67
2026-07-19T13:00,MTR-001,electricity,0.75
2026-07-19T13:00,MTR-002,water,6.07
2026-07-19T14:00,MTR-001,electricity,0.71
2026-07-19T14:00,MTR-002,water,7.50
2026-07-19T15:00,MTR-001,electricity,0.56
2026-07-19T15:00,MTR-002,water,7.38
2026-07-19T16:00,MTR-001,electricity,0.68
2026-07-19T16:00,MTR-002,water,6.45
2026-07-19T17:00,MTR-001,electricity,0.57
2026-07-19T17:00,MTR-002,water,5.82
2026-07-19T18:00,MTR-001,electricity,1.65
2026-07-19T18:00,MTR-002,water,7.09
2026-07-19T19:00,MTR-001,electricity,1.60
2026-07-19T19:00,MTR-002,water,14.70
2026-07-19T20:00,MTR-001,electricity,1.84
2026-07-19T20:00,MTR-002,water,11.11
2026-07-19T21:00,MTR-001,electricity,1.80
2026-07-19T21:00,MTR-002,water,12.89
2026-07-19T22:00,MTR-001,electricity,1.62
2026-07-19T22:00,MTR-002,water,7.16
2026-07-19T23:00,MTR-001,electricity,0.44
2026-07-19T23:00,MTR-002,water,6.96
2026-07-20T00:00,MTR-001,electricity,0.48
2026-07-20T00:00,MTR-002,water,8.51
2026-07-20T01:00,MTR-001,electricity,0.40
2026-07-20T01:00,MTR-002,water,8.17
2026-07-20T02:00,MTR-001,electricity,0.46
2026-07-20T02:00,MTR-002,water,6.09
2026-07-20T03:00,MTR-001,electricity,0.55
2026-07-20T03:00,MTR-002,water,7.17
2026-07-20T04:00,MTR-001,electricity,0.38
2026-07-20T04:00,MTR-002,water,8.30
2026-07-20T05:00,MTR-001,electricity,0.53
2026-07-20T05:00,MTR-002,water,7.39
2026-07-20T06:00,MTR-001,electricity,0.44
2026-07-20T06:00,MTR-002,water,14.85
2026-07-20T07:00,MTR-001,electricity,1.34
2026-07-20T07:00,MTR-002,water,13.77
2026-07-20T08:00,MTR-001,electricity,1.36
2026-07-20T08:00,MTR-002,water,15.83
2026-07-20T09:00,MTR-001,electricity,1.38
2026-07-20T09:00,MTR-002,water,15.83
2026-07-20T10:00,MTR-001,electricity,0.57
2026-07-20T10:00,MTR-002,water,5.90
2026-07-20T11:00,MTR-001,electricity,0.49
2026-07-20T11:00,MTR-002,water,7.67
2026-07-20T12:00,MTR-001,electricity,0.74
2026-07-20T12:00,MTR-002,water,6.68
2026-07-20T13:00,MTR-001,electricity,0.67
2026-07-20T13:00,MTR-002,water,6.75
2026-07-20T14:00,MTR-001,electricity,0.74
2026-07-20T14:00,MTR-002,water,7.20
2026-07-20T15:00,MTR-001,electricity,0.49
2026-07-20T15:00,MTR-002,water,7.42
2026-07-20T16:00,MTR-001,electricity,0.47
2026-07-20T16:00,MTR-002,water,7.19
2026-07-20T17:00,MTR-001,electricity,0.27
2026-07-20T17:00,MTR-002,water,7.17
2026-07-20T18:00,MTR-001,electricity,1.64
2026-07-20T18:00,MTR-002,water,5.42
2026-07-20T19:00,MTR-001,electricity,1.75
2026-07-20T19:00,MTR-002,water,12.12
2026-07-20T20:00,MTR-001,electricity,1.61
2026-07-20T20:00,MTR-002,water,13.32
2026-07-20T21:00,MTR-001,electricity,1.60
2026-07-20T21:00,MTR-002,water,14.60
2026-07-20T22:00,MTR-001,electricity,1.69
2026-07-20T22:00,MTR-002,water,7.28
2026-07-20T23:00,MTR-001,electricity,0.46
2026-07-20T23:00,MTR-002,water,7.73
2026-07-21T00:00,MTR-001,electricity,0.35
2026-07-21T00:00,MTR-002,water,6.68
2026-07-21T01:00,MTR-001,electricity,0.48
2026-07-21T01:00,MTR-002,water,7.67
2026-07-21T02:00,MTR-001,electricity,3.26
2026-07-21T02:00,MTR-002,water,7.85
2026-07-21T03:00,MTR-001,electricity,0.51
2026-07-21T03:00,MTR-002,water,6.10
2026-07-21T04:00,MTR-001,electricity,0.48
2026-07-21T04:00,MTR-002,water,8.38
2026-07-21T05:00,MTR-001,electricity,0.58
2026-07-21T05:00,MTR-002,water,7.91
2026-07-21T06:00,MTR-001,electricity,0.49
2026-07-21T06:00,MTR-002,water,16.57
2026-07-21T07:00,MTR-001,electricity,1.06
2026-07-21T07:00,MTR-002,water,13.75
2026-07-21T08:00,MTR-001,electricity,1.35
2026-07-21T08:00,MTR-002,water,15.29
2026-07-21T09:00,MTR-001,electricity,1.13
2026-07-21T09:00,MTR-002,water,15.05
2026-07-21T10:00,MTR-001,electricity,0.48
2026-07-21T10:00,MTR-002,water,7.15
2026-07-21T11:00,MTR-001,electricity,0.57
2026-07-21T11:00,MTR-002,water,8.86
2026-07-21T12:00,MTR-001,electricity,0.73
2026-07-21T12:00,MTR-002,water,6.70
2026-07-21T13:00,MTR-001,electricity,0.69
2026-07-21T13:00,MTR-002,water,5.75
2026-07-21T14:00,MTR-001,electricity,0.78
2026-07-21T14:00,MTR-002,water,6.34
2026-07-21T15:00,MTR-001,electricity,0.46
2026-07-21T15:00,MTR-002,water,7.48
2026-07-21T16:00,MTR-001,electricity,0.43
2026-07-21T16:00,MTR-002,water,7.44
2026-07-21T17:00,MTR-001,electricity,0.34
2026-07-21T17:00,MTR-002,water,6.60
2026-07-21T18:00,MTR-001,electricity,1.46
2026-07-21T18:00,MTR-002,water,8.30
2026-07-21T19:00,MTR-001,electricity,1.84
2026-07-21T19:00,MTR-002,water,14.08
2026-07-21T20:00,MTR-001,electricity,1.58
2026-07-21T20:00,MTR-002,water,14.10
2026-07-21T21:00,MTR-001,electricity,1.77
2026-07-21T21:00,MTR-002,water,14.29
2026-07-21T22:00,MTR-001,electricity,1.80
2026-07-21T22:00,MTR-002,water,5.40
2026-07-21T23:00,MTR-001,electricity,0.60
2026-07-21T23:00,MTR-002,water,7.80
2026-07-22T00:00,MTR-001,electricity,0.67
2026-07-22T00:00,MTR-002,water,8.37
2026-07-22T01:00,MTR-001,electricity,0.59
2026-07-22T01:00,MTR-002,water,6.77
2026-07-22T02:00,MTR-001,electricity,0.59
2026-07-22T02:00,MTR-002,water,8.79
2026-07-22T03:00,MTR-001,electricity,3.12
2026-07-22T03:00,MTR-002,water,6.53
2026-07-22T04:00,MTR-001,electricity,0.34
2026-07-22T04:00,MTR-002,water,6.41
2026-07-22T05:00,MTR-001,electricity,0.39
2026-07-22T05:00,MTR-002,water,6.59
2026-07-22T06:00,MTR-001,electricity,0.36
2026-07-22T06:00,MTR-002,water,15.32
2026-07-22T07:00,MTR-001,electricity,1.34
2026-07-22T07:00,MTR-002,water,15.13
2026-07-22T08:00,MTR-001,electricity,1.25
2026-07-22T08:00,MTR-002,water,15.23
2026-07-22T09:00,MTR-001,electricity,1.55
2026-07-22T09:00,MTR-002,water,14.75
2026-07-22T10:00,MTR-001,electricity,0.37
2026-07-22T10:00,MTR-002,water,7.81
2026-07-22T11:00,MTR-001,electricity,0.45
2026-07-22T11:00,MTR-002,water,7.44
2026-07-22T12:00,MTR-001,electricity,0.77
2026-07-22T12:00,MTR-002,water,5.39
2026-07-22T13:00,MTR-001,electricity,0.71
2026-07-22T13:00,MTR-002,water,6.20
2026-07-22T14:00,MTR-001,electricity,0.85
2026-07-22T14:00,MTR-002,water,7.63
2026-07-22T15:00,MTR-001,electricity,0.63
2026-07-22T15:00,MTR-002,water,7.80
2026-07-22T16:00,MTR-001,electricity,0.49
2026-07-22T16:00,MTR-002,water,6.53
2026-07-22T17:00,MTR-001,electricity,0.47
2026-07-22T17:00,MTR-002,water,7.94
2026-07-22T18:00,MTR-001,electricity,1.84
2026-07-22T18:00,MTR-002,water,5.76
2026-07-22T19:00,MTR-001,electricity,1.73
2026-07-22T19:00,MTR-002,water,13.60
2026-07-22T20:00,MTR-001,electricity,1.68
2026-07-22T20:00,MTR-002,water,14.62
2026-07-22T21:00,MTR-001,electricity,1.59
2026-07-22T21:00,MTR-002,water,13.37
2026-07-22T22:00,MTR-001,electricity,1.53
2026-07-22T22:00,MTR-002,water,6.64
2026-07-22T23:00,MTR-001,electricity,0.55
2026-07-22T23:00,MTR-002,water,7.72
2026-07-23T00:00,MTR-001,electricity,0.40
2026-07-23T00:00,MTR-002,water,7.35
2026-07-23T01:00,MTR-001,electricity,0.26
2026-07-23T01:00,MTR-002,water,19.74
2026-07-23T02:00,MTR-001,electricity,0.59
2026-07-23T02:00,MTR-002,water,19.78
2026-07-23T03:00,MTR-001,electricity,0.49
2026-07-23T03:00,MTR-002,water,17.80
2026-07-23T04:00,MTR-001,electricity,0.28
2026-07-23T04:00,MTR-002,water,7.24
2026-07-23T05:00,MTR-001,electricity,0.51
2026-07-23T05:00,MTR-002,water,8.16
2026-07-23T06:00,MTR-001,electricity,0.41
2026-07-23T06:00,MTR-002,water,16.98
2026-07-23T07:00,MTR-001,electricity,1.18
2026-07-23T07:00,MTR-002,water,16.38
2026-07-23T08:00,MTR-001,electricity,1.27
2026-07-23T08:00,MTR-002,water,15.22
2026-07-23T09:00,MTR-001,electricity,1.26
2026-07-23T09:00,MTR-002,water,16.91
2026-07-23T10:00,MTR-001,electricity,0.48
2026-07-23T10:00,MTR-002,water,7.05
2026-07-23T11:00,MTR-001,electricity,0.38
2026-07-23T11:00,MTR-002,water,8.50
2026-07-23T12:00,MTR-001,electricity,0.88
2026-07-23T12:00,MTR-002,water,7.83
2026-07-23T13:00,MTR-001,electricity,0.90
2026-07-23T13:00,MTR-002,water,7.60
2026-07-23T14:00,MTR-001,electricity,0.63
2026-07-23T14:00,MTR-002,water,7.78
2026-07-23T15:00,MTR-001,electricity,0.50
2026-07-23T15:00,MTR-002,water,7.45
2026-07-23T16:00,MTR-001,electricity,0.51
2026-07-23T16:00,MTR-002,water,6.58
2026-07-23T17:00,MTR-001,electricity,0.40
2026-07-23T17:00,MTR-002,water,6.09
2026-07-23T18:00,MTR-001,electricity,1.72
2026-07-23T18:00,MTR-002,water,6.90
2026-07-23T19:00,MTR-001,electricity,1.81
2026-07-23T19:00,MTR-002,water,14.05
2026-07-23T20:00,MTR-001,electricity,1.78
2026-07-23T20:00,MTR-002,water,14.28
2026-07-23T21:00,MTR-001,electricity,1.63
2026-07-23T21:00,MTR-002,water,12.15
2026-07-23T22:00,MTR-001,electricity,1.72
2026-07-23T22:00,MTR-002,water,7.03
2026-07-23T23:00,MTR-001,electricity,0.46
2026-07-23T23:00,MTR-002,water,6.88
2026-07-24T00:00,MTR-001,electricity,0.52
2026-07-24T00:00,MTR-002,water,8.19
2026-07-24T01:00,MTR-001,electricity,0.39
2026-07-24T01:00,MTR-002,water,8.74
2026-07-24T02:00,MTR-001,electricity,0.38
2026-07-24T02:00,MTR-002,water,7.15
2026-07-24T03:00,MTR-001,electricity,0.60
2026-07-24T03:00,MTR-002,water,5.89
2026-07-24T04:00,MTR-001,electricity,0.69
2026-07-24T04:00,MTR-002,water,19.00
2026-07-24T05:00,MTR-001,electricity,0.50
2026-07-24T05:00,MTR-002,water,6.24
2026-07-24T06:00,MTR-001,electricity,0.48
2026-07-24T06:00,MTR-002,water,13.51
2026-07-24T07:00,MTR-001,electricity,1.35
2026-07-24T07:00,MTR-002,water,14.84
2026-07-24T08:00,MTR-001,electricity,1.08
2026-07-24T08:00,MTR-002,water,17.96
2026-07-24T09:00,MTR-001,electricity,1.31
2026-07-24T09:00,MTR-002,water,15.97
2026-07-24T10:00,MTR-001,electricity,0.40
2026-07-24T10:00,MTR-002,water,7.06
2026-07-24T11:00,MTR-001,electricity,0.69
2026-07-24T11:00,MTR-002,water,6.18
2026-07-24T12:00,MTR-001,electricity,0.73
2026-07-24T12:00,MTR-002,water,7.41
2026-07-24T13:00,MTR-001,electricity,0.81
2026-07-24T13:00,MTR-002,water,7.02
2026-07-24T14:00,MTR-001,electricity,1.02
2026-07-24T14:00,MTR-002,water,8.36
2026-07-24T15:00,MTR-001,electricity,0.35
2026-07-24T15:00,MTR-002,water,6.17
2026-07-24T16:00,MTR-001,electricity,0.52
2026-07-24T16:00,MTR-002,water,7.55
2026-07-24T17:00,MTR-001,electricity,0.24
2026-07-24T17:00,MTR-002,water,7.37
2026-07-24T18:00,MTR-001,electricity,1.95
2026-07-24T18:00,MTR-002,water,7.98
2026-07-24T19:00,MTR-001,electricity,1.82
2026-07-24T19:00,MTR-002,water,13.62
2026-07-24T20:00,MTR-001,electricity,1.50
2026-07-24T20:00,MTR-002,water,12.35
2026-07-24T21:00,MTR-001,electricity,1.72
2026-07-24T21:00,MTR-002,water,12.44
2026-07-24T22:00,MTR-001,electricity,1.81
2026-07-24T22:00,MTR-002,water,5.23
2026-07-24T23:00,MTR-001,electricity,0.36
2026-07-24T23:00,MTR-002,water,8.12
2026-07-25T00:00,MTR-001,electricity,0.30
2026-07-25T00:00,MTR-002,water,7.65
2026-07-25T01:00,MTR-001,electricity,0.16
2026-07-25T01:00,MTR-002,water,7.64
2026-07-25T02:00,MTR-001,electricity,0.49
2026-07-25T02:00,MTR-002,water,8.77
2026-07-25T03:00,MTR-001,electricity,0.47
2026-07-25T03:00,MTR-002,water,7.31
2026-07-25T04:00,MTR-001,electricity,0.47
2026-07-25T04:00,MTR-002,water,6.17
2026-07-25T05:00,MTR-001,electricity,0.30
2026-07-25T05:00,MTR-002,water,8.13
2026-07-25T06:00,MTR-001,electricity,0.49
2026-07-25T06:00,MTR-002,water,16.33
2026-07-25T07:00,MTR-001,electricity,1.54
2026-07-25T07:00,MTR-002,water,14.90
2026-07-25T08:00,MTR-001,electricity,1.42
2026-07-25T08:00,MTR-002,water,16.12
2026-07-25T09:00,MTR-001,electricity,1.24
2026-07-25T09:00,MTR-002,water,18.48
2026-07-25T10:00,MTR-001,electricity,0.56
2026-07-25T10:00,MTR-002,water,5.87
2026-07-25T11:00,MTR-001,electricity,0.60
2026-07-25T11:00,MTR-002,water,7.21
2026-07-25T12:00,MTR-001,electricity,0.83
2026-07-25T12:00,MTR-002,water,6.85
2026-07-25T13:00,MTR-001,electricity,0.42
2026-07-25T13:00,MTR-002,water,5.75
2026-07-25T14:00,MTR-001,electricity,0.66
2026-07-25T14:00,MTR-002,water,6.59
2026-07-25T15:00,MTR-001,electricity,0.35
2026-07-25T15:00,MTR-002,water,6.39
2026-07-25T16:00,MTR-001,electricity,0.40
2026-07-25T16:00,MTR-002,water,6.50
2026-07-25T17:00,MTR-001,electricity,0.46
2026-07-25T17:00,MTR-002,water,7.06
2026-07-25T18:00,MTR-001,electricity,1.74
2026-07-25T18:00,MTR-002,water,7.66
2026-07-25T19:00,MTR-001,electricity,1.57
2026-07-25T19:00,MTR-002,water,14.53
2026-07-25T20:00,MTR-001,electricity,1.76
2026-07-25T20:00,MTR-002,water,11.63
2026-07-25T21:00,MTR-001,electricity,1.55
2026-07-25T21:00,MTR-002,water,12.99
2026-07-25T22:00,MTR-001,electricity,1.48
2026-07-25T22:00,MTR-002,water,7.84
2026-07-25T23:00,MTR-001,electricity,0.50
2026-07-25T23:00,MTR-002,water,7.55
2026-07-26T00:00,MTR-001,electricity,0.26
2026-07-26T00:00,MTR-002,water,7.57
2026-07-26T01:00,MTR-001,electricity,0.59
2026-07-26T01:00,MTR-002,water,7.73
2026-07-26T02:00,MTR-001,electricity,0.28
2026-07-26T02:00,MTR-002,water,7.09
2026-07-26T03:00,MTR-001,electricity,0.54
2026-07-26T03:00,MTR-002,water,6.29
2026-07-26T04:00,MTR-001,electricity,0.42
2026-07-26T04:00,MTR-002,water,7.82
2026-07-26T05:00,MTR-001,electricity,0.61
2026-07-26T05:00,MTR-002,water,8.04
2026-07-26T06:00,MTR-001,electricity,0.57
2026-07-26T06:00,MTR-002,water,15.39
2026-07-26T07:00,MTR-001,electricity,1.19
2026-07-26T07:00,MTR-002,water,13.93
2026-07-26T08:00,MTR-001,electricity,1.48
2026-07-26T08:00,MTR-002,water,15.52
2026-07-26T09:00,MTR-001,electricity,1.15
2026-07-26T09:00,MTR-002,water,17.00
2026-07-26T10:00,MTR-001,electricity,0.55
2026-07-26T10:00,MTR-002,water,5.75
2026-07-26T11:00,MTR-001,electricity,0.57
2026-07-26T11:00,MTR-002,water,6.53
2026-07-26T12:00,MTR-001,electricity,0.65
2026-07-26T12:00,MTR-002,water,7.76
2026-07-26T13:00,MTR-001,electricity,0.80
2026-07-26T13:00,MTR-002,water,6.30
2026-07-26T14:00,MTR-001,electricity,0.72
2026-07-26T14:00,MTR-002,water,7.29
2026-07-26T15:00,MTR-001,electricity,0.58
2026-07-26T15:00,MTR-002,water,7.34
2026-07-26T16:00,MTR-001,electricity,0.69
2026-07-26T16:00,MTR-002,water,6.12
2026-07-26T17:00,MTR-001,electricity,0.58
2026-07-26T17:00,MTR-002,water,6.09
2026-07-26T18:00,MTR-001,electricity,1.65
2026-07-26T18:00,MTR-002,water,7.16
2026-07-26T19:00,MTR-001,electricity,1.58
2026-07-26T19:00,MTR-002,water,14.53
2026-07-26T20:00,MTR-001,electricity,1.85
2026-07-26T20:00,MTR-002,water,11.27
2026-07-26T21:00,MTR-001,electricity,1.77
2026-07-26T21:00,MTR-002,water,11.79
2026-07-26T22:00,MTR-001,electricity,1.60
2026-07-26T22:00,MTR-002,water,6.73
2026-07-26T23:00,MTR-001,electricity,0.45
2026-07-26T23:00,MTR-002,water,7.11
2026-07-27T00:00,MTR-001,electricity,0.48
2026-07-27T00:00,MTR-002,water,8.61
2026-07-27T01:00,MTR-001,electricity,0.39
2026-07-27T01:00,MTR-002,water,7.46
2026-07-27T02:00,MTR-001,electricity,0.46
2026-07-27T02:00,MTR-002,water,5.73
2026-07-27T03:00,MTR-001,electricity,0.52
2026-07-27T03:00,MTR-002,water,7.33
2026-07-27T04:00,MTR-001,electricity,0.39
2026-07-27T04:00,MTR-002,water,8.79
2026-07-27T05:00,MTR-001,electricity,0.51
2026-07-27T05:00,MTR-002,water,8.16
2026-07-27T06:00,MTR-001,electricity,0.45
2026-07-27T06:00,MTR-002,water,14.36
2026-07-27T07:00,MTR-001,electricity,1.27
2026-07-27T07:00,MTR-002,water,15.40
2026-07-27T08:00,MTR-001,electricity,1.41
2026-07-27T08:00,MTR-002,water,15.95
2026-07-27T09:00,MTR-001,electricity,1.40
2026-07-27T09:00,MTR-002,water,14.54
2026-07-27T10:00,MTR-001,electricity,0.59
2026-07-27T10:00,MTR-002,water,5.90
2026-07-27T11:00,MTR-001,electricity,0.49
2026-07-27T11:00,MTR-002,water,7.43
2026-07-27T12:00,MTR-001,electricity,0.81
2026-07-27T12:00,MTR-002,water,6.28
2026-07-27T13:00,MTR-001,electricity,0.64
2026-07-27T13:00,MTR-002,water,7.01
2026-07-27T14:00,MTR-001,electricity,0.69
2026-07-27T14:00,MTR-002,water,6.63
2026-07-27T15:00,MTR-001,electricity,0.53
2026-07-27T15:00,MTR-002,water,6.78
2026-07-27T16:00,MTR-001,electricity,0.43
2026-07-27T16:00,MTR-002,water,6.86
2026-07-27T17:00,MTR-001,electricity,0.26
2026-07-27T17:00,MTR-002,water,7.83
2026-07-27T18:00,MTR-001,electricity,1.83
2026-07-27T18:00,MTR-002,water,5.21
2026-07-27T19:00,MTR-001,electricity,1.79
2026-07-27T19:00,MTR-002,water,12.86
2026-07-27T20:00,MTR-001,electricity,1.63
2026-07-27T20:00,MTR-002,water,13.24
2026-07-27T21:00,MTR-001,electricity,1.69
2026-07-27T21:00,MTR-002,water,14.60
2026-07-27T22:00,MTR-001,electricity,1.68
2026-07-27T22:00,MTR-002,water,6.85
2026-07-27T23:00,MTR-001,electricity,0.51
2026-07-27T23:00,MTR-002,water,8.25
2026-07-28T00:00,MTR-001,electricity,0.38
2026-07-28T00:00,MTR-002,water,6.93
2026-07-28T01:00,MTR-001,electricity,0.48
2026-07-28T01:00,MTR-002,water,8.34
2026-07-28T02:00,MTR-001,electricity,3.16
2026-07-28T02:00,MTR-002,water,7.80
2026-07-28T03:00,MTR-001,electricity,0.49
2026-07-28T03:00,MTR-002,water,5.98
2026-07-28T04:00,MTR-001,electricity,0.51
2026-07-28T04:00,MTR-002,water,8.36
2026-07-28T05:00,MTR-001,electricity,0.56
2026-07-28T05:00,MTR-002,water,8.07
2026-07-28T06:00,MTR-001,electricity,0.47
2026-07-28T06:00,MTR-002,water,15.63
2026-07-28T07:00,MTR-001,electricity,1.17
2026-07-28T07:00,MTR-002,water,14.57
2026-07-28T08:00,MTR-001,electricity,1.32
2026-07-28T08:00,MTR-002,water,14.12
2026-07-28T09:00,MTR-001,electricity,1.17
2026-07-28T09:00,MTR-002,water,16.03
2026-07-28T10:00,MTR-001,electricity,0.43
2026-07-28T10:00,MTR-002,water,6.95
2026-07-28T11:00,MTR-001,electricity,0.62
2026-07-28T11:00,MTR-002,water,9.41
2026-07-28T12:00,MTR-001,electricity,0.73
2026-07-28T12:00,MTR-002,water,6.73
2026-07-28T13:00,MTR-001,electricity,0.76
2026-07-28T13:00,MTR-002,water,5.99
2026-07-28T14:00,MTR-001,electricity,0.74
2026-07-28T14:00,MTR-002,water,6.32
2026-07-28T15:00,MTR-001,electricity,0.43
2026-07-28T15:00,MTR-002,water,8.02
2026-07-28T16:00,MTR-001,electricity,0.40
2026-07-28T16:00,MTR-002,water,8.07
2026-07-28T17:00,MTR-001,electricity,0.32
2026-07-28T17:00,MTR-002,water,6.07
2026-07-28T18:00,MTR-001,electricity,1.46
2026-07-28T18:00,MTR-002,water,8.13
2026-07-28T19:00,MTR-001,electricity,1.90
2026-07-28T19:00,MTR-002,water,13.94
2026-07-28T20:00,MTR-001,electricity,1.59
2026-07-28T20:00,MTR-002,water,12.84
2026-07-28T21:00,MTR-001,electricity,1.81
2026-07-28T21:00,MTR-002,water,14.11
2026-07-28T22:00,MTR-001,electricity,1.76
2026-07-28T22:00,MTR-002,water,5.28
2026-07-28T23:00,MTR-001,electricity,0.59
2026-07-28T23:00,MTR-002,water,8.05
2026-07-29T00:00,MTR-001,electricity,0.63
2026-07-29T00:00,MTR-002,water,8.57
2026-07-29T01:00,MTR-001,electricity,0.55
2026-07-29T01:00,MTR-002,water,7.17
2026-07-29T02:00,MTR-001,electricity,0.58
2026-07-29T02:00,MTR-002,water,8.82
2026-07-29T03:00,MTR-001,electricity,2.96
2026-07-29T03:00,MTR-002,water,6.97
2026-07-29T04:00,MTR-001,electricity,0.33
2026-07-29T04:00,MTR-002,water,6.77
2026-07-29T05:00,MTR-001,electricity,0.38
2026-07-29T05:00,MTR-002,water,6.63
2026-07-29T06:00,MTR-001,electricity,0.35
2026-07-29T06:00,MTR-002,water,14.34
2026-07-29T07:00,MTR-001,electricity,1.30
2026-07-29T07:00,MTR-002,water,14.12
2026-07-29T08:00,MTR-001,electricity,1.33
2026-07-29T08:00,MTR-002,water,15.13
2026-07-29T09:00,MTR-001,electricity,1.45
2026-07-29T09:00,MTR-002,water,14.74
2026-07-29T10:00,MTR-001,electricity,0.38
2026-07-29T10:00,MTR-002,water,8.19
2026-07-29T11:00,MTR-001,electricity,0.41
2026-07-29T11:00,MTR-002,water,7.44
2026-07-29T12:00,MTR-001,electricity,0.74
2026-07-29T12:00,MTR-002,water,5.71
2026-07-29T13:00,MTR-001,electricity,0.65
2026-07-29T13:00,MTR-002,water,6.03
2026-07-29T14:00,MTR-001,electricity,0.86
2026-07-29T14:00,MTR-002,water,7.41
2026-07-29T15:00,MTR-001,electricity,0.65
2026-07-29T15:00,MTR-002,water,7.86
2026-07-29T16:00,MTR-001,electricity,0.49
2026-07-29T16:00,MTR-002,water,6.22
2026-07-29T17:00,MTR-001,electricity,0.44
2026-07-29T17:00,MTR-002,water,8.68
2026-07-29T18:00,MTR-001,electricity,1.82
2026-07-29T18:00,MTR-002,water,5.60
2026-07-29T19:00,MTR-001,electricity,1.75
2026-07-29T19:00,MTR-002,water,13.35
2026-07-29T20:00,MTR-001,electricity,1.75
2026-07-29T20:00,MTR-002,water,13.94
2026-07-29T21:00,MTR-001,electricity,1.61
2026-07-29T21:00,MTR-002,water,12.90
2026-07-29T22:00,MTR-001,electricity,1.50
2026-07-29T22:00,MTR-002,water,7.05
2026-07-29T23:00,MTR-001,electricity,0.52
2026-07-29T23:00,MTR-002,water,7.54
2026-07-30T00:00,MTR-001,electricity,0.40
2026-07-30T00:00,MTR-002,water,7.19
2026-07-30T01:00,MTR-001,electricity,0.26
2026-07-30T01:00,MTR-002,water,19.55
2026-07-30T02:00,MTR-001,electricity,0.61
2026-07-30T02:00,MTR-002,water,19.81
2026-07-30T03:00,MTR-001,electricity,0.46
2026-07-30T03:00,MTR-002,water,19.56
2026-07-30T04:00,MTR-001,electricity,0.28
2026-07-30T04:00,MTR-002,water,7.19
2026-07-30T05:00,MTR-001,electricity,0.51
2026-07-30T05:00,MTR-002,water,8.07
2026-07-30T06:00,MTR-001,electricity,0.37
2026-07-30T06:00,MTR-002,water,15.61
2026-07-30T07:00,MTR-001,electricity,1.22
2026-07-30T07:00,MTR-002,water,16.13
2026-07-30T08:00,MTR-001,electricity,1.28
2026-07-30T08:00,MTR-002,water,16.10
2026-07-30T09:00,MTR-001,electricity,1.31
2026-07-30T09:00,MTR-002,water,15.83
2026-07-30T10:00,MTR-001,electricity,0.45
2026-07-30T10:00,MTR-002,water,6.45
2026-07-30T11:00,MTR-001,electricity,0.41
2026-07-30T11:00,MTR-002,water,8.59
2026-07-30T12:00,MTR-001,electricity,0.86
2026-07-30T12:00,MTR-002,water,7.18
2026-07-30T13:00,MTR-001,electricity,0.87
2026-07-30T13:00,MTR-002,water,7.45
2026-07-30T14:00,MTR-001,electricity,0.65
2026-07-30T14:00,MTR-002,water,7.45
2026-07-30T15:00,MTR-001,electricity,0.50
2026-07-30T15:00,MTR-002,water,7.02
2026-07-30T16:00,MTR-001,electricity,0.54
2026-07-30T16:00,MTR-002,water,6.82
2026-07-30T17:00,MTR-001,electricity,0.39
2026-07-30T17:00,MTR-002,water,6.32
2026-07-30T18:00,MTR-001,electricity,1.70
2026-07-30T18:00,MTR-002,water,6.13
2026-07-30T19:00,MTR-001,electricity,1.76
2026-07-30T19:00,MTR-002,water,13.20
2026-07-30T20:00,MTR-001,electricity,1.63
2026-07-30T20:00,MTR-002,water,12.79
2026-07-30T21:00,MTR-001,electricity,1.55
2026-07-30T21:00,MTR-002,water,12.44
2026-07-30T22:00,MTR-001,electricity,1.69
2026-07-30T22:00,MTR-002,water,7.18
2026-07-30T23:00,MTR-001,electricity,0.48
2026-07-30T23:00,MTR-002,water,7.46
2026-07-31T00:00,MTR-001,electricity,0.49
2026-07-31T00:00,MTR-002,water,8.98
2026-07-31T01:00,MTR-001,electricity,0.41
2026-07-31T01:00,MTR-002,water,8.30
2026-07-31T02:00,MTR-001,electricity,0.38
2026-07-31T02:00,MTR-002,water,6.65
2026-07-31T03:00,MTR-001,electricity,5.42
2026-07-31T03:00,MTR-002,water,6.15
2026-07-31T04:00,MTR-001,electricity,0.69
2026-07-31T04:00,MTR-002,water,18.46
2026-07-31T05:00,MTR-001,electricity,0.50
2026-07-31T05:00,MTR-002,water,6.82
2026-07-31T06:00,MTR-001,electricity,0.50
2026-07-31T06:00,MTR-002,water,14.50
2026-07-31T07:00,MTR-001,electricity,1.22
2026-07-31T07:00,MTR-002,water,14.55
2026-07-31T08:00,MTR-001,electricity,1.09
2026-07-31T08:00,MTR-002,water,18.14
2026-07-31T09:00,MTR-001,electricity,1.25
2026-07-31T09:00,MTR-002,water,16.09
2026-07-31T10:00,MTR-001,electricity,0.35
2026-07-31T10:00,MTR-002,water,6.90
2026-07-31T11:00,MTR-001,electricity,0.65
2026-07-31T11:00,MTR-002,water,6.02
2026-07-31T12:00,MTR-001,electricity,0.74
2026-07-31T12:00,MTR-002,water,7.55
2026-07-31T13:00,MTR-001,electricity,0.81
2026-07-31T13:00,MTR-002,water,7.11
2026-07-31T14:00,MTR-001,electricity,0.99
2026-07-31T14:00,MTR-002,water,8.37
2026-07-31T15:00,MTR-001,electricity,0.35
2026-07-31T15:00,MTR-002,water,6.47
2026-07-31T16:00,MTR-001,electricity,0.51
2026-07-31T16:00,MTR-002,water,7.28
2026-07-31T17:00,MTR-001,electricity,0.25
2026-07-31T17:00,MTR-002,water,7.18
2026-07-31T18:00,MTR-001,electricity,1.90
2026-07-31T18:00,MTR-002,water,7.29
2026-07-31T19:00,MTR-001,electricity,1.84
2026-07-31T19:00,MTR-002,water,13.95
2026-07-31T20:00,MTR-001,electricity,1.53
2026-07-31T20:00,MTR-002,water,11.99
2026-07-31T21:00,MTR-001,electricity,1.61
2026-07-31T21:00,MTR-002,water,13.59
2026-07-31T22:00,MTR-001,electricity,1.67
2026-07-31T22:00,MTR-002,water,4.96
2026-07-31T23:00,MTR-001,electricity,0.34
2026-07-31T23:00,MTR-002,water,8.05
2026-08-01T00:00,MTR-001,electricity,0.29
2026-08-01T00:00,MTR-002,water,7.39
2026-08-01T01:00,MTR-001,electricity,0.17
2026-08-01T01:00,MTR-002,water,6.85
2026-08-01T02:00,MTR-001,electricity,0.50
2026-08-01T02:00,MTR-002,water,8.66
2026-08-01T03:00,MTR-001,electricity,0.46
2026-08-01T03:00,MTR-002,water,7.14
2026-08-01T04:00,MTR-001,electricity,0.46
2026-08-01T04:00,MTR-002,water,5.99
2026-08-01T05:00,MTR-001,electricity,0.32
2026-08-01T05:00,MTR-002,water,8.43
2026-08-01T06:00,MTR-001,electricity,0.52
2026-08-01T06:00,MTR-002,water,15.28
2026-08-01T07:00,MTR-001,electricity,1.55
2026-08-01T07:00,MTR-002,water,15.15
2026-08-01T08:00,MTR-001,electricity,1.39
2026-08-01T08:00,MTR-002,water,15.74
2026-08-01T09:00,MTR-001,electricity,1.22
2026-08-01T09:00,MTR-002,water,17.41
2026-08-01T10:00,MTR-001,electricity,0.52
2026-08-01T10:00,MTR-002,water,5.57
2026-08-01T11:00,MTR-001,electricity,0.58
2026-08-01T11:00,MTR-002,water,7.34
2026-08-01T12:00,MTR-001,electricity,0.83
2026-08-01T12:00,MTR-002,water,7.08
2026-08-01T13:00,MTR-001,electricity,0.41
2026-08-01T13:00,MTR-002,water,5.81
2026-08-01T14:00,MTR-001,electricity,0.68
2026-08-01T14:00,MTR-002,water,6.14
2026-08-01T15:00,MTR-001,electricity,0.34
2026-08-01T15:00,MTR-002,water,6.59
2026-08-01T16:00,MTR-001,electricity,0.41
2026-08-01T16:00,MTR-002,water,6.13
2026-08-01T17:00,MTR-001,electricity,0.43
2026-08-01T17:00,MTR-002,water,7.17
2026-08-01T18:00,MTR-001,electricity,1.73
2026-08-01T18:00,MTR-002,water,7.51
2026-08-01T19:00,MTR-001,electricity,1.61
2026-08-01T19:00,MTR-002,water,14.44
2026-08-01T20:00,MTR-001,electricity,1.67
2026-08-01T20:00,MTR-002,water,12.83
2026-08-01T21:00,MTR-001,electricity,1.68
2026-08-01T21:00,MTR-002,water,12.62
2026-08-01T22:00,MTR-001,electricity,1.47
2026-08-01T22:00,MTR-002,water,7.53
2026-08-01T23:00,MTR-001,electricity,0.46
2026-08-01T23:00,MTR-002,water,6.81
2026-08-02T00:00,MTR-001,electricity,0.26
2026-08-02T00:00,MTR-002,water,6.90
2026-08-02T01:00,MTR-001,electricity,0.60
2026-08-02T01:00,MTR-002,water,7.33
2026-08-02T02:00,MTR-001,electricity,0.28
2026-08-02T02:00,MTR-002,water,6.55
2026-08-02T03:00,MTR-001,electricity,0.52
2026-08-02T03:00,MTR-002,water,6.45
2026-08-02T04:00,MTR-001,electricity,0.44
2026-08-02T04:00,MTR-002,water,26.65
2026-08-02T05:00,MTR-001,electricity,0.59
2026-08-02T05:00,MTR-002,water,7.98
2026-08-02T06:00,MTR-001,electricity,0.52
2026-08-02T06:00,MTR-002,water,15.63
2026-08-02T07:00,MTR-001,electricity,1.18
2026-08-02T07:00,MTR-002,water,14.39
2026-08-02T08:00,MTR-001,electricity,1.33
2026-08-02T08:00,MTR-002,water,15.95
2026-08-02T09:00,MTR-001,electricity,1.24
2026-08-02T09:00,MTR-002,water,16.63
2026-08-02T10:00,MTR-001,electricity,0.54
2026-08-02T10:00,MTR-002,water,5.07
2026-08-02T11:00,MTR-001,electricity,0.56
2026-08-02T11:00,MTR-002,water,6.45
2026-08-02T12:00,MTR-001,electricity,0.65
2026-08-02T12:00,MTR-002,water,7.58
2026-08-02T13:00,MTR-001,electricity,0.75
2026-08-02T13:00,MTR-002,water,5.77
2026-08-02T14:00,MTR-001,electricity,0.67
2026-08-02T14:00,MTR-002,water,7.01
2026-08-02T15:00,MTR-001,electricity,0.56
2026-08-02T15:00,MTR-002,water,7.81
2026-08-02T16:00,MTR-001,electricity,0.70
2026-08-02T16:00,MTR-002,water,6.00
2026-08-02T17:00,MTR-001,electricity,0.53
2026-08-02T17:00,MTR-002,water,6.28
2026-08-02T18:00,MTR-001,electricity,1.65
2026-08-02T18:00,MTR-002,water,6.96
2026-08-02T19:00,MTR-001,electricity,1.56
2026-08-02T19:00,MTR-002,water,15.01
2026-08-02T20:00,MTR-001,electricity,1.75
2026-08-02T20:00,MTR-002,water,10.86
2026-08-02T21:00,MTR-001,electricity,1.75
2026-08-02T21:00,MTR-002,water,12.20
2026-08-02T22:00,MTR-001,electricity,1.63
2026-08-02T22:00,MTR-002,water,7.06
2026-08-02T23:00,MTR-001,electricity,0.39
2026-08-02T23:00,MTR-002,water,6.48
2026-08-03T00:00,MTR-001,electricity,0.45
2026-08-03T00:00,MTR-002,water,7.71
2026-08-03T01:00,MTR-001,electricity,0.37
2026-08-03T01:00,MTR-002,water,7.72
2026-08-03T02:00,MTR-001,electricity,0.44
2026-08-03T02:00,MTR-002,water,5.65
2026-08-03T03:00,MTR-001,electricity,0.50
2026-08-03T03:00,MTR-002,water,7.09
2026-08-03T04:00,MTR-001,electricity,0.36
2026-08-03T04:00,MTR-002,water,8.22
2026-08-03T05:00,MTR-001,electricity,0.55
2026-08-03T05:00,MTR-002,water,7.27
2026-08-03T06:00,MTR-001,electricity,0.47
2026-08-03T06:00,MTR-002,water,15.34
2026-08-03T07:00,MTR-001,electricity,1.29
2026-08-03T07:00,MTR-002,water,14.94
2026-08-03T08:00,MTR-001,electricity,1.27
2026-08-03T08:00,MTR-002,water,16.23
2026-08-03T09:00,MTR-001,electricity,1.31
2026-08-03T09:00,MTR-002,water,14.96
2026-08-03T10:00,MTR-001,electricity,0.54
2026-08-03T10:00,MTR-002,water,6.14
2026-08-03T11:00,MTR-001,electricity,0.51
2026-08-03T11:00,MTR-002,water,7.79
2026-08-03T12:00,MTR-001,electricity,0.80
2026-08-03T12:00,MTR-002,water,5.98
2026-08-03T13:00,MTR-001,electricity,0.65
2026-08-03T13:00,MTR-002,water,6.46
2026-08-03T14:00,MTR-001,electricity,0.65
2026-08-03T14:00,MTR-002,water,6.91
2026-08-03T15:00,MTR-001,electricity,0.48
2026-08-03T15:00,MTR-002,water,6.72
2026-08-03T16:00,MTR-001,electricity,0.42
2026-08-03T16:00,MTR-002,water,7.07
2026-08-03T17:00,MTR-001,electricity,0.26
2026-08-03T17:00,MTR-002,water,7.28
2026-08-03T18:00,MTR-001,electricity,1.65
2026-08-03T18:00,MTR-002,water,5.11
2026-08-03T19:00,MTR-001,electricity,1.72
2026-08-03T19:00,MTR-002,water,12.00
2026-08-03T20:00,MTR-001,electricity,1.61
2026-08-03T20:00,MTR-002,water,13.13
2026-08-03T21:00,MTR-001,electricity,1.63
2026-08-03T21:00,MTR-002,water,14.13
2026-08-03T22:00,MTR-001,electricity,1.67
2026-08-03T22:00,MTR-002,water,7.11
2026-08-03T23:00,MTR-001,electricity,0.46
2026-08-03T23:00,MTR-002,water,7.44
2026-08-04T00:00,MTR-001,electricity,0.34
2026-08-04T00:00,MTR-002,water,6.45
2026-08-04T01:00,MTR-001,electricity,0.45
2026-08-04T01:00,MTR-002,water,8.09
2026-08-04T02:00,MTR-001,electricity,2.89
2026-08-04T02:00,MTR-002,water,8.22
2026-08-04T03:00,MTR-001,electricity,0.50
2026-08-04T03:00,MTR-002,water,6.16
2026-08-04T04:00,MTR-001,electricity,0.51
2026-08-04T04:00,MTR-002,water,8.17
2026-08-04T05:00,MTR-001,electricity,0.53
2026-08-04T05:00,MTR-002,water,7.51
2026-08-04T06:00,MTR-001,electricity,0.45
2026-08-04T06:00,MTR-002,water,14.42
2026-08-04T07:00,MTR-001,electricity,1.13
2026-08-04T07:00,MTR-002,water,14.08
2026-08-04T08:00,MTR-001,electricity,1.25
2026-08-04T08:00,MTR-002,water,14.90
2026-08-04T09:00,MTR-001,electricity,1.06
2026-08-04T09:00,MTR-002,water,15.20
2026-08-04T10:00,MTR-001,electricity,0.45
2026-08-04T10:00,MTR-002,water,7.11
2026-08-04T11:00,MTR-001,electricity,0.60
2026-08-04T11:00,MTR-002,water,9.28
2026-08-04T12:00,MTR-001,electricity,0.70
2026-08-04T12:00,MTR-002,water,6.33
2026-08-04T13:00,MTR-001,electricity,0.73
2026-08-04T13:00,MTR-002,water,5.66
2026-08-04T14:00,MTR-001,electricity,0.74
2026-08-04T14:00,MTR-002,water,6.42
2026-08-04T15:00,MTR-001,electricity,0.47
2026-08-04T15:00,MTR-002,water,7.63
2026-08-04T16:00,MTR-001,electricity,0.40
2026-08-04T16:00,MTR-002,water,7.71
2026-08-04T17:00,MTR-001,electricity,0.34
2026-08-04T17:00,MTR-002,water,5.95
2026-08-04T18:00,MTR-001,electricity,1.48
2026-08-04T18:00,MTR-002,water,7.23
2026-08-04T19:00,MTR-001,electricity,1.88
2026-08-04T19:00,MTR-002,water,14.13
2026-08-04T20:00,MTR-001,electricity,1.53
2026-08-04T20:00,MTR-002,water,13.61
2026-08-04T21:00,MTR-001,electricity,1.67
2026-08-04T21:00,MTR-002,water,13.27
2026-08-04T22:00,MTR-001,electricity,1.77
2026-08-04T22:00,MTR-002,water,5.21
2026-08-04T23:00,MTR-001,electricity,0.57
2026-08-04T23:00,MTR-002,water,7.82
2026-08-05T00:00,MTR-001,electricity,0.59
2026-08-05T00:00,MTR-002,water,7.82
2026-08-05T01:00,MTR-001,electricity,0.58
2026-08-05T01:00,MTR-002,water,7.13
2026-08-05T02:00,MTR-001,electricity,0.55
2026-08-05T02:00,MTR-002,water,8.14
2026-08-05T03:00,MTR-001,electricity,2.99
2026-08-05T03:00,MTR-002,water,6.37
2026-08-05T04:00,MTR-001,electricity,0.31
2026-08-05T04:00,MTR-002,water,6.31
2026-08-05T05:00,MTR-001,electricity,0.35
2026-08-05T05:00,MTR-002,water,6.48
2026-08-05T06:00,MTR-001,electricity,0.34
2026-08-05T06:00,MTR-002,water,15.08
2026-08-05T07:00,MTR-001,electricity,1.33
2026-08-05T07:00,MTR-002,water,14.76
2026-08-05T08:00,MTR-001,electricity,1.29
2026-08-05T08:00,MTR-002,water,15.14
2026-08-05T09:00,MTR-001,electricity,1.52
2026-08-05T09:00,MTR-002,water,13.64
2026-08-05T10:00,MTR-001,electricity,0.38
2026-08-05T10:00,MTR-002,water,8.14
2026-08-05T11:00,MTR-001,electricity,0.41
2026-08-05T11:00,MTR-002,water,7.16
2026-08-05T12:00,MTR-001,electricity,0.72
2026-08-05T12:00,MTR-002,water,5.80
2026-08-05T13:00,MTR-001,electricity,0.68
2026-08-05T13:00,MTR-002,water,5.73
2026-08-05T14:00,MTR-001,electricity,0.81
2026-08-05T14:00,MTR-002,water,7.14
2026-08-05T15:00,MTR-001,electricity,0.59
2026-08-05T15:00,MTR-002,water,8.11
2026-08-05T16:00,MTR-001,electricity,0.52
2026-08-05T16:00,MTR-002,water,6.24
2026-08-05T17:00,MTR-001,electricity,0.45
2026-08-05T17:00,MTR-002,water,7.75
2026-08-05T18:00,MTR-001,electricity,1.76
2026-08-05T18:00,MTR-002,water,6.00
2026-08-05T19:00,MTR-001,electricity,1.71
2026-08-05T19:00,MTR-002,water,13.55
2026-08-05T20:00,MTR-001,electricity,1.72
2026-08-05T20:00,MTR-002,water,13.52
2026-08-05T21:00,MTR-001,electricity,1.48
2026-08-05T21:00,MTR-002,water,13.30
2026-08-05T22:00,MTR-001,electricity,1.47
2026-08-05T22:00,MTR-002,water,6.62
2026-08-05T23:00,MTR-001,electricity,0.53
2026-08-05T23:00,MTR-002,water,7.59
2026-08-06T00:00,MTR-001,electricity,0.41
2026-08-06T00:00,MTR-002,water,7.48
2026-08-06T01:00,MTR-001,electricity,0.25
2026-08-06T01:00,MTR-002,water,18.99
2026-08-06T02:00,MTR-001,electricity,0.55
2026-08-06T02:00,MTR-002,water,17.97
2026-08-06T03:00,MTR-001,electricity,0.45
2026-08-06T03:00,MTR-002,water,18.48
2026-08-06T04:00,MTR-001,electricity,0.26
2026-08-06T04:00,MTR-002,water,7.16
2026-08-06T05:00,MTR-001,electricity,0.50
2026-08-06T05:00,MTR-002,water,7.58
2026-08-06T06:00,MTR-001,electricity,0.38
2026-08-06T06:00,MTR-002,water,15.93
2026-08-06T07:00,MTR-001,electricity,1.20
2026-08-06T07:00,MTR-002,water,15.48
2026-08-06T08:00,MTR-001,electricity,1.31
2026-08-06T08:00,MTR-002,water,15.69
2026-08-06T09:00,MTR-001,electricity,1.16
2026-08-06T09:00,MTR-002,water,17.20
2026-08-06T10:00,MTR-001,electricity,0.43
2026-08-06T10:00,MTR-002,water,6.47
2026-08-06T11:00,MTR-001,electricity,0.38
2026-08-06T11:00,MTR-002,water,8.40
2026-08-06T12:00,MTR-001,electricity,0.83
2026-08-06T12:00,MTR-002,water,7.55
2026-08-06T13:00,MTR-001,electricity,0.82
2026-08-06T13:00,MTR-002,water,7.12
2026-08-06T14:00,MTR-001,electricity,0.63
2026-08-06T14:00,MTR-002,water,7.70
2026-08-06T15:00,MTR-001,electricity,0.46
2026-08-06T15:00,MTR-002,water,6.79
2026-08-06T16:00,MTR-001,electricity,0.54
2026-08-06T16:00,MTR-002,water,7.12
2026-08-06T17:00,MTR-001,electricity,0.38
2026-08-06T17:00,MTR-002,water,6.43
2026-08-06T18:00,MTR-001,electricity,1.59
2026-08-06T18:00,MTR-002,water,5.98
2026-08-06T19:00,MTR-001,electricity,1.86
2026-08-06T19:00,MTR-002,water,12.47
2026-08-06T20:00,MTR-001,electricity,1.61
2026-08-06T20:00,MTR-002,water,13.93
2026-08-06T21:00,MTR-001,electricity,1.65
2026-08-06T21:00,MTR-002,water,11.68
2026-08-06T22:00,MTR-001,electricity,1.53
2026-08-06T22:00,MTR-002,water,6.57
2026-08-06T23:00,MTR-001,electricity,0.46
2026-08-06T23:00,MTR-002,water,6.99
2026-08-07T00:00,MTR-001,electricity,0.48
2026-08-07T00:00,MTR-002,water,7.97
2026-08-07T01:00,MTR-001,electricity,0.38
2026-08-07T01:00,MTR-002,water,8.09
2026-08-07T02:00,MTR-001,electricity,0.39
2026-08-07T02:00,MTR-002,water,6.47
2026-08-07T03:00,MTR-001,electricity,0.54
2026-08-07T03:00,MTR-002,water,6.20
2026-08-07T04:00,MTR-001,electricity,0.65
2026-08-07T04:00,MTR-002,water,19.07
2026-08-07T05:00,MTR-001,electricity,0.48
2026-08-07T05:00,MTR-002,water,6.52
2026-08-07T06:00,MTR-001,electricity,0.45
2026-08-07T06:00,MTR-002,water,13.63
2026-08-07T07:00,MTR-001,electricity,1.27
2026-08-07T07:00,MTR-002,water,14.40
2026-08-07T08:00,MTR-001,electricity,1.01
2026-08-07T08:00,MTR-002,water,17.41
2026-08-07T09:00,MTR-001,electricity,1.36
2026-08-07T09:00,MTR-002,water,15.38
2026-08-07T10:00,MTR-001,electricity,0.37
2026-08-07T10:00,MTR-002,water,6.69
2026-08-07T11:00,MTR-001,electricity,0.62
2026-08-07T11:00,MTR-002,water,5.57
2026-08-07T12:00,MTR-001,electricity,0.68
2026-08-07T12:00,MTR-002,water,7.59
2026-08-07T13:00,MTR-001,electricity,0.76
2026-08-07T13:00,MTR-002,water,6.69
2026-08-07T14:00,MTR-001,electricity,0.91
2026-08-07T14:00,MTR-002,water,7.73
2026-08-07T15:00,MTR-001,electricity,0.35
2026-08-07T15:00,MTR-002,water,5.99
2026-08-07T16:00,MTR-001,electricity,0.47
2026-08-07T16:00,MTR-002,water,7.15
2026-08-07T17:00,MTR-001,electricity,0.23
2026-08-07T17:00,MTR-002,water,7.15
2026-08-07T18:00,MTR-001,electricity,1.73
2026-08-07T18:00,MTR-002,water,7.52
2026-08-07T19:00,MTR-001,electricity,1.78
2026-08-07T19:00,MTR-002,water,13.67
2026-08-07T20:00,MTR-001,electricity,1.46
2026-08-07T20:00,MTR-002,water,10.93
2026-08-07T21:00,MTR-001,electricity,1.68
2026-08-07T21:00,MTR-002,water,12.76
2026-08-07T22:00,MTR-001,electricity,1.73
2026-08-07T22:00,MTR-002,water,5.10
2026-08-07T23:00,MTR-001,electricity,0.36
2026-08-07T23:00,MTR-002,water,7.27
2026-08-08T00:00,MTR-001,electricity,0.29
2026-08-08T00:00,MTR-002,water,7.29
2026-08-08T01:00,MTR-001,electricity,0.17
2026-08-08T01:00,MTR-002,water,6.98
2026-08-08T02:00,MTR-001,electricity,0.45
2026-08-08T02:00,MTR-002,water,9.25
2026-08-08T03:00,MTR-001,electricity,0.48
2026-08-08T03:00,MTR-002,water,6.91
2026-08-08T04:00,MTR-001,electricity,0.46
2026-08-08T04:00,MTR-002,water,5.92
2026-08-08T05:00,MTR-001,electricity,0.28
2026-08-08T05:00,MTR-002,water,7.55
2026-08-08T06:00,MTR-001,electricity,0.48
2026-08-08T06:00,MTR-002,water,14.35
2026-08-08T07:00,MTR-001,electricity,1.60
2026-08-08T07:00,MTR-002,water,14.69
2026-08-08T08:00,MTR-001,electricity,1.30
2026-08-08T08:00,MTR-002,water,15.41
2026-08-08T09:00,MTR-001,electricity,1.12
2026-08-08T09:00,MTR-002,water,17.11
2026-08-08T10:00,MTR-001,electricity,0.53
2026-08-08T10:00,MTR-002,water,5.57
2026-08-08T11:00,MTR-001,electricity,0.62
2026-08-08T11:00,MTR-002,water,7.13
2026-08-08T12:00,MTR-001,electricity,0.87
2026-08-08T12:00,MTR-002,water,6.26
2026-08-08T13:00,MTR-001,electricity,0.39
2026-08-08T13:00,MTR-002,water,5.94
2026-08-08T14:00,MTR-001,electricity,0.65
2026-08-08T14:00,MTR-002,water,6.37
2026-08-08T15:00,MTR-001,electricity,0.33
2026-08-08T15:00,MTR-002,water,6.30
2026-08-08T16:00,MTR-001,electricity,0.41
2026-08-08T16:00,MTR-002,water,6.09
2026-08-08T17:00,MTR-001,electricity,0.46
2026-08-08T17:00,MTR-002,water,6.40
2026-08-08T18:00,MTR-001,electricity,1.56
2026-08-08T18:00,MTR-002,water,7.06
2026-08-08T19:00,MTR-001,electricity,1.56
2026-08-08T19:00,MTR-002,water,12.93
2026-08-08T20:00,MTR-001,electricity,1.65
2026-08-08T20:00,MTR-002,water,11.80
2026-08-08T21:00,MTR-001,electricity,1.65
2026-08-08T21:00,MTR-002,water,12.03
2026-08-08T22:00,MTR-001,electricity,1.43
2026-08-08T22:00,MTR-002,water,7.43
2026-08-08T23:00,MTR-001,electricity,0.48
2026-08-08T23:00,MTR-002,water,6.95
2026-08-09T00:00,MTR-001,electricity,0.26
2026-08-09T00:00,MTR-002,water,7.31
2026-08-09T01:00,MTR-001,electricity,0.57
2026-08-09T01:00,MTR-002,water,7.25
2026-08-09T02:00,MTR-001,electricity,0.29
2026-08-09T02:00,MTR-002,water,6.52
2026-08-09T03:00,MTR-001,electricity,0.51
2026-08-09T03:00,MTR-002,water,6.33
2026-08-09T04:00,MTR-001,electricity,0.41
2026-08-09T04:00,MTR-002,water,7.16
2026-08-09T05:00,MTR-001,electricity,0.60
2026-08-09T05:00,MTR-002,water,7.88
2026-08-09T06:00,MTR-001,electricity,0.53
2026-08-09T06:00,MTR-002,water,13.68
2026-08-09T07:00,MTR-001,electricity,1.18
2026-08-09T07:00,MTR-002,water,14.67
2026-08-09T08:00,MTR-001,electricity,1.34
2026-08-09T08:00,MTR-002,water,14.16
2026-08-09T09:00,MTR-001,electricity,1.20
2026-08-09T09:00,MTR-002,water,16.54
2026-08-09T10:00,MTR-001,electricity,0.58
2026-08-09T10:00,MTR-002,water,5.09
2026-08-09T11:00,MTR-001,electricity,0.57
2026-08-09T11:00,MTR-002,water,5.92
2026-08-09T12:00,MTR-001,electricity,0.58
2026-08-09T12:00,MTR-002,water,7.40
2026-08-09T13:00,MTR-001,electricity,0.77
2026-08-09T13:00,MTR-002,water,5.62
2026-08-09T14:00,MTR-001,electricity,0.66
2026-08-09T14:00,MTR-002,water,7.40
2026-08-09T15:00,MTR-001,electricity,0.58
2026-08-09T15:00,MTR-002,water,7.35
2026-08-09T16:00,MTR-001,electricity,0.63
2026-08-09T16:00,MTR-002,water,5.82
2026-08-09T17:00,MTR-001,electricity,0.55
2026-08-09T17:00,MTR-002,water,5.75
2026-08-09T18:00,MTR-001,electricity,1.61
2026-08-09T18:00,MTR-002,water,6.94
2026-08-09T19:00,MTR-001,electricity,1.53
2026-08-09T19:00,MTR-002,water,14.46
2026-08-09T20:00,MTR-001,electricity,1.64
2026-08-09T20:00,MTR-002,water,11.34
2026-08-09T21:00,MTR-001,electricity,1.57
2026-08-09T21:00,MTR-002,water,11.28
2026-08-09T22:00,MTR-001,electricity,1.60
2026-08-09T22:00,MTR-002,water,6.82
2026-08-09T23:00,MTR-001,electricity,0.41
2026-08-09T23:00,MTR-002,water,6.70
2026-08-10T00:00,MTR-001,electricity,0.47
2026-08-10T00:00,MTR-002,water,8.15
2026-08-10T01:00,MTR-001,electricity,0.38
2026-08-10T01:00,MTR-002,water,7.55
2026-08-10T02:00,MTR-001,electricity,0.47
2026-08-10T02:00,MTR-002,water,5.71
2026-08-10T03:00,MTR-001,electricity,0.53
2026-08-10T03:00,MTR-002,water,6.64
2026-08-10T04:00,MTR-001,electricity,0.34
2026-08-10T04:00,MTR-002,water,8.30
2026-08-10T05:00,MTR-001,electricity,0.51
2026-08-10T05:00,MTR-002,water,7.78
2026-08-10T06:00,MTR-001,electricity,0.45
2026-08-10T06:00,MTR-002,water,14.11
2026-08-10T07:00,MTR-001,electricity,1.22
2026-08-10T07:00,MTR-002,water,14.87
2026-08-10T08:00,MTR-001,electricity,1.24
2026-08-10T08:00,MTR-002,water,15.02
2026-08-10T09:00,MTR-001,electricity,1.26
2026-08-10T09:00,MTR-002,water,14.21
2026-08-10T10:00,MTR-001,electricity,0.53
2026-08-10T10:00,MTR-002,water,5.96
2026-08-10T11:00,MTR-001,electricity,0.49
2026-08-10T11:00,MTR-002,water,7.29
2026-08-10T12:00,MTR-001,electricity,0.77
2026-08-10T12:00,MTR-002,water,6.18
2026-08-10T13:00,MTR-001,electricity,0.62
2026-08-10T13:00,MTR-002,water,6.61
2026-08-10T14:00,MTR-001,electricity,0.66
2026-08-10T14:00,MTR-002,water,6.77
2026-08-10T15:00,MTR-001,electricity,0.49
2026-08-10T15:00,MTR-002,water,7.05
2026-08-10T16:00,MTR-001,electricity,0.42
2026-08-10T16:00,MTR-002,water,6.56
2026-08-10T17:00,MTR-001,electricity,0.27
2026-08-10T17:00,MTR-002,water,6.81
2026-08-10T18:00,MTR-001,electricity,1.75
2026-08-10T18:00,MTR-002,water,5.41
2026-08-10T19:00,MTR-001,electricity,1.65
2026-08-10T19:00,MTR-002,water,11.83
2026-08-10T20:00,MTR-001,electricity,1.64
2026-08-10T20:00,MTR-002,water,12.45
2026-08-10T21:00,MTR-001,electricity,1.54
2026-08-10T21:00,MTR-002,water,13.56
2026-08-10T22:00,MTR-001,electricity,1.57
2026-08-10T22:00,MTR-002,water,6.37
2026-08-10T23:00,MTR-001,electricity,0.45
2026-08-10T23:00,MTR-002,water,7.97
2026-08-11T00:00,MTR-001,electricity,0.34
2026-08-11T00:00,MTR-002,water,6.96
2026-08-11T01:00,MTR-001,electricity,0.46
2026-08-11T01:00,MTR-002,water,7.36
2026-08-11T02:00,MTR-001,electricity,2.80
2026-08-11T02:00,MTR-002,water,7.80
2026-08-11T03:00,MTR-001,electricity,0.48
2026-08-11T03:00,MTR-002,water,5.84
2026-08-11T04:00,MTR-001,electricity,0.49
2026-08-11T04:00,MTR-002,water,8.39
2026-08-11T05:00,MTR-001,electricity,0.53
2026-08-11T05:00,MTR-002,water,7.67
2026-08-11T06:00,MTR-001,electricity,0.47
2026-08-11T06:00,MTR-002,water,14.59
2026-08-11T07:00,MTR-001,electricity,1.11
2026-08-11T07:00,MTR-002,water,14.36
2026-08-11T08:00,MTR-001,electricity,1.25
2026-08-11T08:00,MTR-002,water,14.11
2026-08-11T09:00,MTR-001,electricity,1.11
2026-08-11T09:00,MTR-002,water,14.66
2026-08-11T10:00,MTR-001,electricity,0.42
2026-08-11T10:00,MTR-002,water,7.00
2026-08-11T11:00,MTR-001,electricity,0.54
2026-08-11T11:00,MTR-002,water,8.70
2026-08-11T12:00,MTR-001,electricity,0.66
2026-08-11T12:00,MTR-002,water,6.14
2026-08-11T13:00,MTR-001,electricity,0.70
2026-08-11T13:00,MTR-002,water,5.34
2026-08-11T14:00,MTR-001,electricity,0.74
2026-08-11T14:00,MTR-002,water,6.46
2026-08-11T15:00,MTR-001,electricity,0.42
2026-08-11T15:00,MTR-002,water,7.02
2026-08-11T16:00,MTR-001,electricity,0.40
2026-08-11T16:00,MTR-002,water,7.46
2026-08-11T17:00,MTR-001,electricity,0.34
2026-08-11T17:00,MTR-002,water,6.03
2026-08-11T18:00,MTR-001,electricity,1.51
2026-08-11T18:00,MTR-002,water,7.82
2026-08-11T19:00,MTR-001,electricity,1.73
2026-08-11T19:00,MTR-002,water,14.39
2026-08-11T20:00,MTR-001,electricity,1.56
2026-08-11T20:00,MTR-002,water,13.41
2026-08-11T21:00,MTR-001,electricity,1.66
2026-08-11T21:00,MTR-002,water,12.62
2026-08-11T22:00,MTR-001,electricity,1.60
2026-08-11T22:00,MTR-002,water,5.13
2026-08-11T23:00,MTR-001,electricity,0.54
2026-08-11T23:00,MTR-002,water,7.67
2026-08-12T00:00,MTR-001,electricity,0.60
2026-08-12T00:00,MTR-002,water,8.40
2026-08-12T01:00,MTR-001,electricity,0.57
2026-08-12T01:00,MTR-002,water,6.72
2026-08-12T02:00,MTR-001,electricity,0.54
2026-08-12T02:00,MTR-002,water,8.39
2026-08-12T03:00,MTR-001,electricity,2.88
2026-08-12T03:00,MTR-002,water,6.31
2026-08-12T04:00,MTR-001,electricity,0.33
2026-08-12T04:00,MTR-002,water,6.29
2026-08-12T05:00,MTR-001,electricity,0.34
2026-08-12T05:00,MTR-002,water,6.54
2026-08-12T06:00,MTR-001,electricity,0.34
2026-08-12T06:00,MTR-002,water,14.01
2026-08-12T07:00,MTR-001,electricity,1.22
2026-08-12T07:00,MTR-002,water,13.70
2026-08-12T08:00,MTR-001,electricity,1.19
2026-08-12T08:00,MTR-002,water,14.31
2026-08-12T09:00,MTR-001,electricity,1.38
2026-08-12T09:00,MTR-002,water,12.84
2026-08-12T10:00,MTR-001,electricity,0.37
2026-08-12T10:00,MTR-002,water,7.77
2026-08-12T11:00,MTR-001,electricity,0.42
2026-08-12T11:00,MTR-002,water,7.76
2026-08-12T12:00,MTR-001,electricity,0.72
2026-08-12T12:00,MTR-002,water,5.73
2026-08-12T13:00,MTR-001,electricity,0.66
2026-08-12T13:00,MTR-002,water,5.75
2026-08-12T14:00,MTR-001,electricity,0.78
2026-08-12T14:00,MTR-002,water,7.15
2026-08-12T15:00,MTR-001,electricity,0.59
2026-08-12T15:00,MTR-002,water,7.55
2026-08-12T16:00,MTR-001,electricity,0.51
2026-08-12T16:00,MTR-002,water,6.22
2026-08-12T17:00,MTR-001,electricity,0.45
2026-08-12T17:00,MTR-002,water,7.98
2026-08-12T18:00,MTR-001,electricity,1.68
2026-08-12T18:00,MTR-002,water,5.36
2026-08-12T19:00,MTR-001,electricity,1.56
2026-08-12T19:00,MTR-002,water,13.86
2026-08-12T20:00,MTR-001,electricity,1.74
2026-08-12T20:00,MTR-002,water,12.95
2026-08-12T21:00,MTR-001,electricity,1.50
2026-08-12T21:00,MTR-002,water,12.72
2026-08-12T22:00,MTR-001,electricity,1.45
2026-08-12T22:00,MTR-002,water,6.30
2026-08-12T23:00,MTR-001,electricity,0.53
2026-08-12T23:00,MTR-002,water,7.67
2026-08-13T00:00,MTR-001,electricity,0.37
2026-08-13T00:00,MTR-002,water,6.99
2026-08-13T01:00,MTR-001,electricity,0.25
2026-08-13T01:00,MTR-002,water,18.01
2026-08-13T02:00,MTR-001,electricity,0.56
2026-08-13T02:00,MTR-002,water,17.54
2026-08-13T03:00,MTR-001,electricity,0.42
2026-08-13T03:00,MTR-002,water,19.07
2026-08-13T04:00,MTR-001,electricity,0.25
2026-08-13T04:00,MTR-002,water,6.80
2026-08-13T05:00,MTR-001,electricity,0.49
2026-08-13T05:00,MTR-002,water,7.86
2026-08-13T06:00,MTR-001,electricity,0.36
2026-08-13T06:00,MTR-002,water,16.21
2026-08-13T07:00,MTR-001,electricity,1.15
2026-08-13T07:00,MTR-002,water,15.85
2026-08-13T08:00,MTR-001,electricity,1.27
2026-08-13T08:00,MTR-002,water,14.97
2026-08-13T09:00,MTR-001,electricity,1.19
2026-08-13T09:00,MTR-002,water,15.05
2026-08-13T10:00,MTR-001,electricity,0.47
2026-08-13T10:00,MTR-002,water,6.49
2026-08-13T11:00,MTR-001,electricity,0.37
2026-08-13T11:00,MTR-002,water,7.72
2026-08-13T12:00,MTR-001,electricity,0.78
2026-08-13T12:00,MTR-002,water,7.15
2026-08-13T13:00,MTR-001,electricity,0.81
2026-08-13T13:00,MTR-002,water,7.31
2026-08-13T14:00,MTR-001,electricity,0.60
2026-08-13T14:00,MTR-002,water,7.44
2026-08-13T15:00,MTR-001,electricity,0.49
2026-08-13T15:00,MTR-002,water,6.86
2026-08-13T16:00,MTR-001,electricity,0.50
2026-08-13T16:00,MTR-002,water,6.36
2026-08-13T17:00,MTR-001,electricity,0.37
2026-08-13T17:00,MTR-002,water,6.35
2026-08-13T18:00,MTR-001,electricity,1.51
2026-08-13T18:00,MTR-002,water,6.07
2026-08-13T19:00,MTR-001,electricity,1.76
2026-08-13T19:00,MTR-002,water,12.38
2026-08-13T20:00,MTR-001,electricity,1.55
2026-08-13T20:00,MTR-002,water,13.52
2026-08-13T21:00,MTR-001,electricity,1.63
2026-08-13T21:00,MTR-002,water,10.96
2026-08-13T22:00,MTR-001,electricity,1.62
2026-08-13T22:00,MTR-002,water,6.36
2026-08-13T23:00,MTR-001,electricity,0.46
2026-08-13T23:00,MTR-002,water,6.61
2026-08-14T00:00,MTR-001,electricity,0.47
2026-08-14T00:00,MTR-002,water,7.85
2026-08-14T01:00,MTR-001,electricity,0.39
2026-08-14T01:00,MTR-002,water,7.97
2026-08-14T02:00,MTR-001,electricity,0.36
2026-08-14T02:00,MTR-002,water,6.30
2026-08-14T03:00,MTR-001,electricity,0.55
2026-08-14T03:00,MTR-002,water,6.21
2026-08-14T04:00,MTR-001,electricity,0.64
2026-08-14T04:00,MTR-002,water,16.80
2026-08-14T05:00,MTR-001,electricity,0.47
2026-08-14T05:00,MTR-002,water,5.89
2026-08-14T06:00,MTR-001,electricity,0.48
2026-08-14T06:00,MTR-002,water,14.00
2026-08-14T07:00,MTR-001,electricity,1.24
2026-08-14T07:00,MTR-002,water,14.67
2026-08-14T08:00,MTR-001,electricity,0.98
2026-08-14T08:00,MTR-002,water,16.77
2026-08-14T09:00,MTR-001,electricity,1.28
2026-08-14T09:00,MTR-002,water,15.67
2026-08-14T10:00,MTR-001,electricity,0.34
2026-08-14T10:00,MTR-002,water,6.42
2026-08-14T11:00,MTR-001,electricity,0.65
2026-08-14T11:00,MTR-002,water,5.44
2026-08-14T12:00,MTR-001,electricity,0.64
2026-08-14T12:00,MTR-002,water,7.04
2026-08-14T13:00,MTR-001,electricity,0.82
2026-08-14T13:00,MTR-002,water,6.42
2026-08-14T14:00,MTR-001,electricity,0.88
2026-08-14T14:00,MTR-002,water,7.79
2026-08-14T15:00,MTR-001,electricity,0.34
2026-08-14T15:00,MTR-002,water,6.33
2026-08-14T16:00,MTR-001,electricity,0.49
2026-08-14T16:00,MTR-002,water,7.37
2026-08-14T17:00,MTR-001,electricity,0.22
2026-08-14T17:00,MTR-002,water,7.14
2026-08-14T18:00,MTR-001,electricity,1.80
2026-08-14T18:00,MTR-002,water,7.01
2026-08-14T19:00,MTR-001,electricity,1.86
2026-08-14T19:00,MTR-002,water,13.64
2026-08-14T20:00,MTR-001,electricity,1.42
2026-08-14T20:00,MTR-002,water,10.92
2026-08-14T21:00,MTR-001,electricity,1.58
2026-08-14T21:00,MTR-002,water,12.56
2026-08-14T22:00,MTR-001,electricity,1.54
2026-08-14T22:00,MTR-002,water,5.22
2026-08-14T23:00,MTR-001,electricity,0.33
2026-08-14T23:00,MTR-002,water,7.54
2026-08-15T00:00,MTR-001,electricity,0.27
2026-08-15T00:00,MTR-002,water,6.96
2026-08-15T01:00,MTR-001,electricity,0.17
2026-08-15T01:00,MTR-002,water,7.10
2026-08-15T02:00,MTR-001,electricity,0.47
2026-08-15T02:00,MTR-002,water,8.88
2026-08-15T03:00,MTR-001,electricity,0.44
2026-08-15T03:00,MTR-002,water,6.91
2026-08-15T04:00,MTR-001,electricity,0.46
2026-08-15T04:00,MTR-002,water,6.34
2026-08-15T05:00,MTR-001,electricity,0.28
2026-08-15T05:00,MTR-002,water,8.28
2026-08-15T06:00,MTR-001,electricity,0.49
2026-08-15T06:00,MTR-002,water,14.22
2026-08-15T07:00,MTR-001,electricity,1.50
2026-08-15T07:00,MTR-002,water,14.97
2026-08-15T08:00,MTR-001,electricity,1.36
2026-08-15T08:00,MTR-002,water,15.94
2026-08-15T09:00,MTR-001,electricity,1.12
2026-08-15T09:00,MTR-002,water,17.39
2026-08-15T10:00,MTR-001,electricity,0.53
2026-08-15T10:00,MTR-002,water,5.40
2026-08-15T11:00,MTR-001,electricity,0.55
2026-08-15T11:00,MTR-002,water,7.34
2026-08-15T12:00,MTR-001,electricity,0.80
2026-08-15T12:00,MTR-002,water,6.63
2026-08-15T13:00,MTR-001,electricity,0.38
2026-08-15T13:00,MTR-002,water,6.13
2026-08-15T14:00,MTR-001,electricity,0.65
2026-08-15T14:00,MTR-002,water,5.70
2026-08-15T15:00,MTR-001,electricity,0.33
2026-08-15T15:00,MTR-002,water,6.27
2026-08-15T16:00,MTR-001,electricity,0.40
2026-08-15T16:00,MTR-002,water,5.55
2026-08-15T17:00,MTR-001,electricity,0.44
2026-08-15T17:00,MTR-002,water,6.53
2026-08-15T18:00,MTR-001,electricity,1.53
2026-08-15T18:00,MTR-002,water,7.27
2026-08-15T19:00,MTR-001,electricity,1.52
2026-08-15T19:00,MTR-002,water,13.59
2026-08-15T20:00,MTR-001,electricity,1.63
2026-08-15T20:00,MTR-002,water,11.87
2026-08-15T21:00,MTR-001,electricity,1.51
2026-08-15T21:00,MTR-002,water,11.83
2026-08-15T22:00,MTR-001,electricity,1.40
2026-08-15T22:00,MTR-002,water,7.18
2026-08-15T23:00,MTR-001,electricity,0.45
2026-08-15T23:00,MTR-002,water,6.51
2026-08-16T00:00,MTR-001,electricity,0.27
2026-08-16T00:00,MTR-002,water,6.46
2026-08-16T01:00,MTR-001,electricity,0.58
2026-08-16T01:00,MTR-002,water,7.32
2026-08-16T02:00,MTR-001,electricity,0.27
2026-08-16T02:00,MTR-002,water,6.52
2026-08-16T03:00,MTR-001,electricity,0.51
2026-08-16T03:00,MTR-002,water,5.76
2026-08-16T04:00,MTR-001,electricity,0.43
2026-08-16T04:00,MTR-002,water,7.26
2026-08-16T05:00,MTR-001,electricity,0.63
2026-08-16T05:00,MTR-002,water,7.58
2026-08-16T06:00,MTR-001,electricity,0.55
2026-08-16T06:00,MTR-002,water,14.49
2026-08-16T07:00,MTR-001,electricity,1.28
2026-08-16T07:00,MTR-002,water,13.18
2026-08-16T08:00,MTR-001,electricity,1.41
2026-08-16T08:00,MTR-002,water,14.02
2026-08-16T09:00,MTR-001,electricity,1.19
2026-08-16T09:00,MTR-002,water,15.28
2026-08-16T10:00,MTR-001,electricity,0.52
2026-08-16T10:00,MTR-002,water,5.15
2026-08-16T11:00,MTR-001,electricity,0.57
2026-08-16T11:00,MTR-002,water,6.37
2026-08-16T12:00,MTR-001,electricity,0.59
2026-08-16T12:00,MTR-002,water,7.43
2026-08-16T13:00,MTR-001,electricity,0.68
2026-08-16T13:00,MTR-002,water,6.06
2026-08-16T14:00,MTR-001,electricity,0.64
2026-08-16T14:00,MTR-002,water,7.15
2026-08-16T15:00,MTR-001,electricity,0.54
2026-08-16T15:00,MTR-002,water,7.21
2026-08-16T16:00,MTR-001,electricity,0.70
2026-08-16T16:00,MTR-002,water,6.16
2026-08-16T17:00,MTR-001,electricity,0.53
2026-08-16T17:00,MTR-002,water,6.00
2026-08-16T18:00,MTR-001,electricity,1.72
2026-08-16T18:00,MTR-002,water,6.92
2026-08-16T19:00,MTR-001,electricity,1.49
2026-08-16T19:00,MTR-002,water,13.23
2026-08-16T20:00,MTR-001,electricity,1.60
2026-08-16T20:00,MTR-002,water,11.05
2026-08-16T21:00,MTR-001,electricity,1.64
2026-08-16T21:00,MTR-002,water,11.49
2026-08-16T22:00,MTR-001,electricity,1.63
2026-08-16T22:00,MTR-002,water,6.22
2026-08-16T23:00,MTR-001,electricity,0.40
2026-08-16T23:00,MTR-002,water,6.44
2026-08-17T00:00,MTR-001,electricity,0.45
2026-08-17T00:00,MTR-002,water,7.35
2026-08-17T01:00,MTR-001,electricity,0.39
2026-08-17T01:00,MTR-002,water,7.40
2026-08-17T02:00,MTR-001,electricity,0.44
2026-08-17T02:00,MTR-002,water,5.46
2026-08-17T03:00,MTR-001,electricity,5.13
2026-08-17T03:00,MTR-002,water,6.73
2026-08-17T04:00,MTR-001,electricity,0.35
2026-08-17T04:00,MTR-002,water,7.85
2026-08-17T05:00,MTR-001,electricity,0.49
2026-08-17T05:00,MTR-002,water,7.36
2026-08-17T06:00,MTR-001,electricity,0.43
2026-08-17T06:00,MTR-002,water,14.76
2026-08-17T07:00,MTR-001,electricity,1.23
2026-08-17T07:00,MTR-002,water,13.68
2026-08-17T08:00,MTR-001,electricity,1.23
2026-08-17T08:00,MTR-002,water,16.19
2026-08-17T09:00,MTR-001,electricity,1.33
2026-08-17T09:00,MTR-002,water,15.33
2026-08-17T10:00,MTR-001,electricity,0.56
2026-08-17T10:00,MTR-002,water,5.97
2026-08-17T11:00,MTR-001,electricity,0.47
2026-08-17T11:00,MTR-002,water,7.36
2026-08-17T12:00,MTR-001,electricity,0.78
2026-08-17T12:00,MTR-002,water,6.50
2026-08-17T13:00,MTR-001,electricity,0.68
2026-08-17T13:00,MTR-002,water,6.35
2026-08-17T14:00,MTR-001,electricity,0.64
2026-08-17T14:00,MTR-002,water,6.42
2026-08-17T15:00,MTR-001,electricity,0.47
2026-08-17T15:00,MTR-002,water,6.94
2026-08-17T16:00,MTR-001,electricity,0.42
2026-08-17T16:00,MTR-002,water,6.57
2026-08-17T17:00,MTR-001,electricity,0.27
2026-08-17T17:00,MTR-002,water,7.31
2026-08-17T18:00,MTR-001,electricity,1.61
2026-08-17T18:00,MTR-002,water,5.31
2026-08-17T19:00,MTR-001,electricity,1.66
2026-08-17T19:00,MTR-002,water,11.79
2026-08-17T20:00,MTR-001,electricity,1.48
2026-08-17T20:00,MTR-002,water,12.67
2026-08-17T21:00,MTR-001,electricity,1.56
2026-08-17T21:00,MTR-002,water,15.01
2026-08-17T22:00,MTR-001,electricity,1.63
2026-08-17T22:00,MTR-002,water,6.30
2026-08-17T23:00,MTR-001,electricity,0.48
2026-08-17T23:00,MTR-002,water,7.80
2026-08-18T00:00,MTR-001,electricity,0.33
2026-08-18T00:00,MTR-002,water,6.86
2026-08-18T01:00,MTR-001,electricity,0.44
2026-08-18T01:00,MTR-002,water,7.73
2026-08-18T02:00,MTR-001,electricity,2.85
2026-08-18T02:00,MTR-002,water,7.98
2026-08-18T03:00,MTR-001,electricity,0.45
2026-08-18T03:00,MTR-002,water,5.44
2026-08-18T04:00,MTR-001,electricity,0.49
2026-08-18T04:00,MTR-002,water,8.69
2026-08-18T05:00,MTR-001,electricity,0.53
2026-08-18T05:00,MTR-002,water,7.14
2026-08-18T06:00,MTR-001,electricity,0.48
2026-08-18T06:00,MTR-002,water,15.41
2026-08-18T07:00,MTR-001,electricity,1.05
2026-08-18T07:00,MTR-002,water,14.02
2026-08-18T08:00,MTR-001,electricity,1.24
2026-08-18T08:00,MTR-002,water,13.51
2026-08-18T09:00,MTR-001,electricity,1.06
2026-08-18T09:00,MTR-002,water,14.21
2026-08-18T10:00,MTR-001,electricity,0.44
2026-08-18T10:00,MTR-002,water,6.59
2026-08-18T11:00,MTR-001,electricity,0.54
2026-08-18T11:00,MTR-002,water,8.61
2026-08-18T12:00,MTR-001,electricity,0.68
2026-08-18T12:00,MTR-002,water,5.86
2026-08-18T13:00,MTR-001,electricity,0.71
2026-08-18T13:00,MTR-002,water,5.52
2026-08-18T14:00,MTR-001,electricity,0.74
2026-08-18T14:00,MTR-002,water,6.31
2026-08-18T15:00,MTR-001,electricity,0.43
2026-08-18T15:00,MTR-002,water,6.95
2026-08-18T16:00,MTR-001,electricity,0.40
2026-08-18T16:00,MTR-002,water,6.97
2026-08-18T17:00,MTR-001,electricity,0.32
2026-08-18T17:00,MTR-002,water,6.34
2026-08-18T18:00,MTR-001,electricity,1.42
2026-08-18T18:00,MTR-002,water,7.93
2026-08-18T19:00,MTR-001,electricity,1.75
2026-08-18T19:00,MTR-002,water,13.70
2026-08-18T20:00,MTR-001,electricity,1.56
2026-08-18T20:00,MTR-002,water,12.62
2026-08-18T21:00,MTR-001,electricity,1.72
2026-08-18T21:00,MTR-002,water,12.76
2026-08-18T22:00,MTR-001,electricity,1.63
2026-08-18T22:00,MTR-002,water,5.22
2026-08-18T23:00,MTR-001,electricity,0.54
2026-08-18T23:00,MTR-002,water,7.75
2026-08-19T00:00,MTR-001,electricity,0.63
2026-08-19T00:00,MTR-002,water,8.17
2026-08-19T01:00,MTR-001,electricity,0.58
2026-08-19T01:00,MTR-002,water,6.28
2026-08-19T02:00,MTR-001,electricity,0.56
2026-08-19T02:00,MTR-002,water,8.07
2026-08-19T03:00,MTR-001,electricity,2.87
2026-08-19T03:00,MTR-002,water,6.62
2026-08-19T04:00,MTR-001,electricity,0.33
2026-08-19T04:00,MTR-002,water,6.32
2026-08-19T05:00,MTR-001,electricity,0.34
2026-08-19T05:00,MTR-002,water,6.33
2026-08-19T06:00,MTR-001,electricity,0.36
2026-08-19T06:00,MTR-002,water,14.41
2026-08-19T07:00,MTR-001,electricity,1.25
2026-08-19T07:00,MTR-002,water,14.26
2026-08-19T08:00,MTR-001,electricity,1.25
2026-08-19T08:00,MTR-002,water,13.29
2026-08-19T09:00,MTR-001,electricity,1.38
2026-08-19T09:00,MTR-002,water,12.81
2026-08-19T10:00,MTR-001,electricity,0.36
2026-08-19T10:00,MTR-002,water,7.42
2026-08-19T11:00,MTR-001,electricity,0.39
2026-08-19T11:00,MTR-002,water,7.09
2026-08-19T12:00,MTR-001,electricity,0.68
2026-08-19T12:00,MTR-002,water,5.63
2026-08-19T13:00,MTR-001,electricity,0.69
2026-08-19T13:00,MTR-002,water,5.60
2026-08-19T14:00,MTR-001,electricity,0.79
2026-08-19T14:00,MTR-002,water,7.26
2026-08-19T15:00,MTR-001,electricity,0.60
2026-08-19T15:00,MTR-002,water,7.22
2026-08-19T16:00,MTR-001,electricity,0.48
2026-08-19T16:00,MTR-002,water,5.87
2026-08-19T17:00,MTR-001,electricity,0.46
2026-08-19T17:00,MTR-002,water,7.63
2026-08-19T18:00,MTR-001,electricity,1.72
2026-08-19T18:00,MTR-002,water,5.87
2026-08-19T19:00,MTR-001,electricity,1.54
2026-08-19T19:00,MTR-002,water,13.34
2026-08-19T20:00,MTR-001,electricity,1.71
2026-08-19T20:00,MTR-002,water,13.10
2026-08-19T21:00,MTR-001,electricity,1.44
2026-08-19T21:00,MTR-002,water,13.16
2026-08-19T22:00,MTR-001,electricity,1.47
2026-08-19T22:00,MTR-002,water,6.71
2026-08-19T23:00,MTR-001,electricity,0.48
2026-08-19T23:00,MTR-002,water,6.99
2026-08-20T00:00,MTR-001,electricity,0.40
2026-08-20T00:00,MTR-002,water,7.37
2026-08-20T01:00,MTR-001,electricity,0.24
2026-08-20T01:00,MTR-002,water,17.81
2026-08-20T02:00,MTR-001,electricity,0.54
2026-08-20T02:00,MTR-002,water,19.07
2026-08-20T03:00,MTR-001,electricity,0.44
2026-08-20T03:00,MTR-002,water,18.75
2026-08-20T04:00,MTR-001,electricity,0.27
2026-08-20T04:00,MTR-002,water,7.15
2026-08-20T05:00,MTR-001,electricity,0.46
2026-08-20T05:00,MTR-002,water,7.95
2026-08-20T06:00,MTR-001,electricity,0.37
2026-08-20T06:00,MTR-002,water,15.96
2026-08-20T07:00,MTR-001,electricity,1.14
2026-08-20T07:00,MTR-002,water,15.58
2026-08-20T08:00,MTR-001,electricity,1.25
2026-08-20T08:00,MTR-002,water,16.11
2026-08-20T09:00,MTR-001,electricity,1.24
2026-08-20T09:00,MTR-002,water,15.86
2026-08-20T10:00,MTR-001,electricity,0.42
2026-08-20T10:00,MTR-002,water,6.27
2026-08-20T11:00,MTR-001,electricity,0.35
2026-08-20T11:00,MTR-002,water,8.61
2026-08-20T12:00,MTR-001,electricity,0.78
2026-08-20T12:00,MTR-002,water,7.69
2026-08-20T13:00,MTR-001,electricity,0.78
2026-08-20T13:00,MTR-002,water,7.13
2026-08-20T14:00,MTR-001,electricity,0.62
2026-08-20T14:00,MTR-002,water,6.86
2026-08-20T15:00,MTR-001,electricity,0.48
2026-08-20T15:00,MTR-002,water,6.68
2026-08-20T16:00,MTR-001,electricity,0.48
2026-08-20T16:00,MTR-002,water,6.75
2026-08-20T17:00,MTR-001,electricity,0.37
2026-08-20T17:00,MTR-002,water,5.87
2026-08-20T18:00,MTR-001,electricity,1.62
2026-08-20T18:00,MTR-002,water,6.28
2026-08-20T19:00,MTR-001,electricity,1.80
2026-08-20T19:00,MTR-002,water,12.86
2026-08-20T20:00,MTR-001,electricity,1.65
2026-08-20T20:00,MTR-002,water,12.57
2026-08-20T21:00,MTR-001,electricity,1.62
2026-08-20T21:00,MTR-002,water,11.09
2026-08-20T22:00,MTR-001,electricity,1.65
2026-08-20T22:00,MTR-002,water,6.95
2026-08-20T23:00,MTR-001,electricity,0.44
2026-08-20T23:00,MTR-002,water,6.65
2026-08-21T00:00,MTR-001,electricity,0.46
2026-08-21T00:00,MTR-002,water,8.08
2026-08-21T01:00,MTR-001,electricity,0.37
2026-08-21T01:00,MTR-002,water,8.15
2026-08-21T02:00,MTR-001,electricity,0.36
2026-08-21T02:00,MTR-002,water,6.65
2026-08-21T03:00,MTR-001,electricity,0.55
2026-08-21T03:00,MTR-002,water,5.56
2026-08-21T04:00,MTR-001,electricity,0.64
2026-08-21T04:00,MTR-002,water,26.90
2026-08-21T05:00,MTR-001,electricity,0.48
2026-08-21T05:00,MTR-002,water,6.02
2026-08-21T06:00,MTR-001,electricity,0.47
2026-08-21T06:00,MTR-002,water,13.53
2026-08-21T07:00,MTR-001,electricity,1.21
2026-08-21T07:00,MTR-002,water,14.53
2026-08-21T08:00,MTR-001,electricity,1.07
2026-08-21T08:00,MTR-002,water,16.92
2026-08-21T09:00,MTR-001,electricity,1.31
2026-08-21T09:00,MTR-002,water,16.12
2026-08-21T10:00,MTR-001,electricity,0.37
2026-08-21T10:00,MTR-002,water,7.09
2026-08-21T11:00,MTR-001,electricity,0.62
2026-08-21T11:00,MTR-002,water,5.32
2026-08-21T12:00,MTR-001,electricity,0.67
2026-08-21T12:00,MTR-002,water,6.87
2026-08-21T13:00,MTR-001,electricity,0.78
2026-08-21T13:00,MTR-002,water,6.33
2026-08-21T14:00,MTR-001,electricity,0.89
2026-08-21T14:00,MTR-002,water,7.46
2026-08-21T15:00,MTR-001,electricity,0.35
2026-08-21T15:00,MTR-002,water,5.85
2026-08-21T16:00,MTR-001,electricity,0.46
2026-08-21T16:00,MTR-002,water,7.48
2026-08-21T17:00,MTR-001,electricity,0.24
2026-08-21T17:00,MTR-002,water,6.81
2026-08-21T18:00,MTR-001,electricity,1.90
2026-08-21T18:00,MTR-002,water,7.08
2026-08-21T19:00,MTR-001,electricity,1.75
2026-08-21T19:00,MTR-002,water,13.70
2026-08-21T20:00,MTR-001,electricity,1.43
2026-08-21T20:00,MTR-002,water,11.31
2026-08-21T21:00,MTR-001,electricity,1.69
2026-08-21T21:00,MTR-002,water,11.77
2026-08-21T22:00,MTR-001,electricity,1.72
2026-08-21T22:00,MTR-002,water,4.99
2026-08-21T23:00,MTR-001,electricity,0.36
2026-08-21T23:00,MTR-002,water,7.78
2026-08-22T00:00,MTR-001,electricity,0.28
2026-08-22T00:00,MTR-002,water,7.44
2026-08-22T01:00,MTR-001,electricity,0.16
2026-08-22T01:00,MTR-002,water,6.76
2026-08-22T02:00,MTR-001,electricity,0.48
2026-08-22T02:00,MTR-002,water,8.72
2026-08-22T03:00,MTR-001,electricity,0.44
2026-08-22T03:00,MTR-002,water,7.47
2026-08-22T04:00,MTR-001,electricity,0.44
2026-08-22T04:00,MTR-002,water,6.36
2026-08-22T05:00,MTR-001,electricity,0.29
2026-08-22T05:00,MTR-002,water,7.79
2026-08-22T06:00,MTR-001,electricity,0.49
2026-08-22T06:00,MTR-002,water,14.23
2026-08-22T07:00,MTR-001,electricity,1.57
2026-08-22T07:00,MTR-002,water,14.20
2026-08-22T08:00,MTR-001,electricity,1.29
2026-08-22T08:00,MTR-002,water,15.08
2026-08-22T09:00,MTR-001,electricity,1.11
2026-08-22T09:00,MTR-002,water,17.27
2026-08-22T10:00,MTR-001,electricity,0.53
2026-08-22T10:00,MTR-002,water,5.55
2026-08-22T11:00,MTR-001,electricity,0.60
2026-08-22T11:00,MTR-002,water,7.46
2026-08-22T12:00,MTR-001,electricity,0.89
2026-08-22T12:00,MTR-002,water,6.20
2026-08-22T13:00,MTR-001,electricity,0.40
2026-08-22T13:00,MTR-002,water,5.81
2026-08-22T14:00,MTR-001,electricity,0.61
2026-08-22T14:00,MTR-002,water,6.26
2026-08-22T15:00,MTR-001,electricity,0.31
2026-08-22T15:00,MTR-002,water,6.27
2026-08-22T16:00,MTR-001,electricity,0.38
2026-08-22T16:00,MTR-002,water,6.19
2026-08-22T17:00,MTR-001,electricity,0.46
2026-08-22T17:00,MTR-002,water,6.28
2026-08-22T18:00,MTR-001,electricity,1.64
2026-08-22T18:00,MTR-002,water,7.34
2026-08-22T19:00,MTR-001,electricity,1.56
2026-08-22T19:00,MTR-002,water,13.56
2026-08-22T20:00,MTR-001,electricity,1.66
2026-08-22T20:00,MTR-002,water,11.26
2026-08-22T21:00,MTR-001,electricity,1.63
2026-08-22T21:00,MTR-002,water,12.17
2026-08-22T22:00,MTR-001,electricity,1.48
2026-08-22T22:00,MTR-002,water,6.90
2026-08-22T23:00,MTR-001,electricity,0.47
2026-08-22T23:00,MTR-002,water,6.73
2026-08-23T00:00,MTR-001,electricity,0.27
2026-08-23T00:00,MTR-002,water,7.21
2026-08-23T01:00,MTR-001,electricity,0.58
2026-08-23T01:00,MTR-002,water,7.45
2026-08-23T02:00,MTR-001,electricity,0.27
2026-08-23T02:00,MTR-002,water,6.60
2026-08-23T03:00,MTR-001,electricity,0.53
2026-08-23T03:00,MTR-002,water,6.26
2026-08-23T04:00,MTR-001,electricity,0.45
2026-08-23T04:00,MTR-002,water,6.93
2026-08-23T05:00,MTR-001,electricity,0.60
2026-08-23T05:00,MTR-002,water,7.48
2026-08-23T06:00,MTR-001,electricity,0.52
2026-08-23T06:00,MTR-002,water,13.85
2026-08-23T07:00,MTR-001,electricity,1.17
2026-08-23T07:00,MTR-002,water,13.73
2026-08-23T08:00,MTR-001,electricity,1.32
2026-08-23T08:00,MTR-002,water,15.73
2026-08-23T09:00,MTR-001,electricity,1.19
2026-08-23T09:00,MTR-002,water,16.30
2026-08-23T10:00,MTR-001,electricity,0.57
2026-08-23T10:00,MTR-002,water,5.48
2026-08-23T11:00,MTR-001,electricity,0.57
2026-08-23T11:00,MTR-002,water,6.09
2026-08-23T12:00,MTR-001,electricity,0.63
2026-08-23T12:00,MTR-002,water,7.68
2026-08-23T13:00,MTR-001,electricity,0.69
2026-08-23T13:00,MTR-002,water,6.20
2026-08-23T14:00,MTR-001,electricity,0.71
2026-08-23T14:00,MTR-002,water,7.21
2026-08-23T15:00,MTR-001,electricity,0.59
2026-08-23T15:00,MTR-002,water,7.18
2026-08-23T16:00,MTR-001,electricity,0.64
2026-08-23T16:00,MTR-002,water,6.38
2026-08-23T17:00,MTR-001,electricity,0.56
2026-08-23T17:00,MTR-002,water,5.57
2026-08-23T18:00,MTR-001,electricity,1.68
2026-08-23T18:00,MTR-002,water,7.16
2026-08-23T19:00,MTR-001,electricity,1.65
2026-08-23T19:00,MTR-002,water,13.23
2026-08-23T20:00,MTR-001,electricity,1.74
2026-08-23T20:00,MTR-002,water,11.20
2026-08-23T21:00,MTR-001,electricity,1.56
2026-08-23T21:00,MTR-002,water,12.06
2026-08-23T22:00,MTR-001,electricity,1.50
2026-08-23T22:00,MTR-002,water,6.23
2026-08-23T23:00,MTR-001,electricity,0.39
2026-08-23T23:00,MTR-002,water,6.53
2026-08-24T00:00,MTR-001,electricity,0.44
2026-08-24T00:00,MTR-002,water,8.13
2026-08-24T01:00,MTR-001,electricity,0.36
2026-08-24T01:00,MTR-002,water,7.07
2026-08-24T02:00,MTR-001,electricity,0.45
2026-08-24T02:00,MTR-002,water,5.70
2026-08-24T03:00,MTR-001,electricity,0.49
2026-08-24T03:00,MTR-002,water,7.09
2026-08-24T04:00,MTR-001,electricity,0.35
2026-08-24T04:00,MTR-002,water,8.01
2026-08-24T05:00,MTR-001,electricity,0.49
2026-08-24T05:00,MTR-002,water,7.04
2026-08-24T06:00,MTR-001,electricity,0.42
2026-08-24T06:00,MTR-002,water,13.98
2026-08-24T07:00,MTR-001,electricity,1.32
2026-08-24T07:00,MTR-002,water,14.66
2026-08-24T08:00,MTR-001,electricity,1.23
2026-08-24T08:00,MTR-002,water,16.36
2026-08-24T09:00,MTR-001,electricity,1.20
2026-08-24T09:00,MTR-002,water,14.90
2026-08-24T10:00,MTR-001,electricity,0.55
2026-08-24T10:00,MTR-002,water,5.91
2026-08-24T11:00,MTR-001,electricity,0.48
2026-08-24T11:00,MTR-002,water,7.90
2026-08-24T12:00,MTR-001,electricity,0.76
2026-08-24T12:00,MTR-002,water,6.16
2026-08-24T13:00,MTR-001,electricity,0.69
2026-08-24T13:00,MTR-002,water,6.41
2026-08-24T14:00,MTR-001,electricity,0.69
2026-08-24T14:00,MTR-002,water,6.57
2026-08-24T15:00,MTR-001,electricity,0.46
2026-08-24T15:00,MTR-002,water,6.57
2026-08-24T16:00,MTR-001,electricity,0.45
2026-08-24T16:00,MTR-002,water,6.84
2026-08-24T17:00,MTR-001,electricity,0.25
2026-08-24T17:00,MTR-002,water,7.47
2026-08-24T18:00,MTR-001,electricity,1.59
2026-08-24T18:00,MTR-002,water,5.38
2026-08-24T19:00,MTR-001,electricity,1.64
2026-08-24T19:00,MTR-002,water,11.90
2026-08-24T20:00,MTR-001,electricity,1.55
2026-08-24T20:00,MTR-002,water,11.50
2026-08-24T21:00,MTR-001,electricity,1.63
2026-08-24T21:00,MTR-002,water,14.33
2026-08-24T22:00,MTR-001,electricity,1.75
2026-08-24T22:00,MTR-002,water,6.82
2026-08-24T23:00,MTR-001,electricity,0.46
2026-08-24T23:00,MTR-002,water,8.04
2026-08-25T00:00,MTR-001,electricity,0.34
2026-08-25T00:00,MTR-002,water,6.64
2026-08-25T01:00,MTR-001,electricity,0.46
2026-08-25T01:00,MTR-002,water,7.51
2026-08-25T02:00,MTR-001,electricity,3.09
2026-08-25T02:00,MTR-002,water,8.32
2026-08-25T03:00,MTR-001,electricity,0.46
2026-08-25T03:00,MTR-002,water,5.79
2026-08-25T04:00,MTR-001,electricity,0.50
2026-08-25T04:00,MTR-002,water,8.30
2026-08-25T05:00,MTR-001,electricity,0.56
2026-08-25T05:00,MTR-002,water,7.10
2026-08-25T06:00,MTR-001,electricity,0.44
2026-08-25T06:00,MTR-002,water,14.52
2026-08-25T07:00,MTR-001,electricity,1.13
2026-08-25T07:00,MTR-002,water,14.51
2026-08-25T08:00,MTR-001,electricity,1.22
2026-08-25T08:00,MTR-002,water,14.79
2026-08-25T09:00,MTR-001,electricity,1.12
2026-08-25T09:00,MTR-002,water,14.97
2026-08-25T10:00,MTR-001,electricity,0.44
2026-08-25T10:00,MTR-002,water,6.62
2026-08-25T11:00,MTR-001,electricity,0.59
2026-08-25T11:00,MTR-002,water,8.31
2026-08-25T12:00,MTR-001,electricity,0.67
2026-08-25T12:00,MTR-002,water,5.81
2026-08-25T13:00,MTR-001,electricity,0.67
2026-08-25T13:00,MTR-002,water,5.58
2026-08-25T14:00,MTR-001,electricity,0.74
2026-08-25T14:00,MTR-002,water,5.88
2026-08-25T15:00,MTR-001,electricity,0.47
2026-08-25T15:00,MTR-002,water,7.66
2026-08-25T16:00,MTR-001,electricity,0.41
2026-08-25T16:00,MTR-002,water,7.80
2026-08-25T17:00,MTR-001,electricity,0.31
2026-08-25T17:00,MTR-002,water,5.75
2026-08-25T18:00,MTR-001,electricity,1.41
2026-08-25T18:00,MTR-002,water,7.89
2026-08-25T19:00,MTR-001,electricity,1.81
2026-08-25T19:00,MTR-002,water,13.01
2026-08-25T20:00,MTR-001,electricity,1.56
2026-08-25T20:00,MTR-002,water,13.36
2026-08-25T21:00,MTR-001,electricity,1.73
2026-08-25T21:00,MTR-002,water,12.95
2026-08-25T22:00,MTR-001,electricity,1.58
2026-08-25T22:00,MTR-002,water,5.36
2026-08-25T23:00,MTR-001,electricity,0.56
2026-08-25T23:00,MTR-002,water,7.10
2026-08-26T00:00,MTR-001,electricity,0.59
2026-08-26T00:00,MTR-002,water,8.26
2026-08-26T01:00,MTR-001,electricity,0.58
2026-08-26T01:00,MTR-002,water,6.43
2026-08-26T02:00,MTR-001,electricity,0.60
2026-08-26T02:00,MTR-002,water,8.05
2026-08-26T03:00,MTR-001,electricity,2.88
2026-08-26T03:00,MTR-002,water,6.63
2026-08-26T04:00,MTR-001,electricity,0.34
2026-08-26T04:00,MTR-002,water,5.91
2026-08-26T05:00,MTR-001,electricity,0.34
2026-08-26T05:00,MTR-002,water,6.82
2026-08-26T06:00,MTR-001,electricity,0.34
2026-08-26T06:00,MTR-002,water,15.34
2026-08-26T07:00,MTR-001,electricity,1.26
2026-08-26T07:00,MTR-002,water,14.51
2026-08-26T08:00,MTR-001,electricity,1.24
2026-08-26T08:00,MTR-002,water,13.53
2026-08-26T09:00,MTR-001,electricity,1.54
2026-08-26T09:00,MTR-002,water,14.42
2026-08-26T10:00,MTR-001,electricity,0.34
2026-08-26T10:00,MTR-002,water,7.38
2026-08-26T11:00,MTR-001,electricity,0.39
2026-08-26T11:00,MTR-002,water,7.50
2026-08-26T12:00,MTR-001,electricity,0.67
2026-08-26T12:00,MTR-002,water,5.22
2026-08-26T13:00,MTR-001,electricity,0.70
2026-08-26T13:00,MTR-002,water,5.72
2026-08-26T14:00,MTR-001,electricity,0.81
2026-08-26T14:00,MTR-002,water,7.28
2026-08-26T15:00,MTR-001,electricity,0.61
2026-08-26T15:00,MTR-002,water,8.07
2026-08-26T16:00,MTR-001,electricity,0.53
2026-08-26T16:00,MTR-002,water,5.90
2026-08-26T17:00,MTR-001,electricity,0.45
2026-08-26T17:00,MTR-002,water,8.22
2026-08-26T18:00,MTR-001,electricity,1.76
2026-08-26T18:00,MTR-002,water,5.38
2026-08-26T19:00,MTR-001,electricity,1.69
2026-08-26T19:00,MTR-002,water,13.65
2026-08-26T20:00,MTR-001,electricity,1.69
2026-08-26T20:00,MTR-002,water,13.09
2026-08-26T21:00,MTR-001,electricity,1.43
2026-08-26T21:00,MTR-002,water,12.99
2026-08-26T22:00,MTR-001,electricity,1.52
2026-08-26T22:00,MTR-002,water,6.86
2026-08-26T23:00,MTR-001,electricity,0.50
2026-08-26T23:00,MTR-002,water,7.31
2026-08-27T00:00,MTR-001,electricity,0.41
2026-08-27T00:00,MTR-002,water,6.85
2026-08-27T01:00,MTR-001,electricity,0.26
2026-08-27T01:00,MTR-002,water,18.16
2026-08-27T02:00,MTR-001,electricity,0.59
2026-08-27T02:00,MTR-002,water,18.14
2026-08-27T03:00,MTR-001,electricity,0.44
2026-08-27T03:00,MTR-002,water,18.04
2026-08-27T04:00,MTR-001,electricity,0.25
2026-08-27T04:00,MTR-002,water,7.18
2026-08-27T05:00,MTR-001,electricity,0.48
2026-08-27T05:00,MTR-002,water,7.26
2026-08-27T06:00,MTR-001,electricity,0.38
2026-08-27T06:00,MTR-002,water,15.30
2026-08-27T07:00,MTR-001,electricity,1.13
2026-08-27T07:00,MTR-002,water,16.60
2026-08-27T08:00,MTR-001,electricity,1.24
2026-08-27T08:00,MTR-002,water,14.68
2026-08-27T09:00,MTR-001,electricity,1.20
2026-08-27T09:00,MTR-002,water,16.41
2026-08-27T10:00,MTR-001,electricity,0.47
2026-08-27T10:00,MTR-002,water,6.75
2026-08-27T11:00,MTR-001,electricity,0.37
2026-08-27T11:00,MTR-002,water,8.05
2026-08-27T12:00,MTR-001,electricity,0.81
2026-08-27T12:00,MTR-002,water,7.38
2026-08-27T13:00,MTR-001,electricity,0.88
2026-08-27T13:00,MTR-002,water,7.29
2026-08-27T14:00,MTR-001,electricity,0.63
2026-08-27T14:00,MTR-002,water,6.99
2026-08-27T15:00,MTR-001,electricity,0.48
2026-08-27T15:00,MTR-002,water,7.49
2026-08-27T16:00,MTR-001,electricity,0.53
2026-08-27T16:00,MTR-002,water,7.06
2026-08-27T17:00,MTR-001,electricity,0.35
2026-08-27T17:00,MTR-002,water,6.49
2026-08-27T18:00,MTR-001,electricity,1.55
2026-08-27T18:00,MTR-002,water,6.08
2026-08-27T19:00,MTR-001,electricity,1.77
2026-08-27T19:00,MTR-002,water,12.29
2026-08-27T20:00,MTR-001,electricity,1.73
2026-08-27T20:00,MTR-002,water,12.47
2026-08-27T21:00,MTR-001,electricity,1.51
2026-08-27T21:00,MTR-002,water,11.25
2026-08-27T22:00,MTR-001,electricity,1.64
2026-08-27T22:00,MTR-002,water,6.40
2026-08-27T23:00,MTR-001,electricity,0.42
2026-08-27T23:00,MTR-002,water,7.32
2026-08-28T00:00,MTR-001,electricity,0.49
2026-08-28T00:00,MTR-002,water,8.78
2026-08-28T01:00,MTR-001,electricity,0.37
2026-08-28T01:00,MTR-002,water,7.69
2026-08-28T02:00,MTR-001,electricity,0.35
2026-08-28T02:00,MTR-002,water,6.53
2026-08-28T03:00,MTR-001,electricity,0.53
2026-08-28T03:00,MTR-002,water,5.77
2026-08-28T04:00,MTR-001,electricity,0.70
2026-08-28T04:00,MTR-002,water,17.32
2026-08-28T05:00,MTR-001,electricity,0.47
2026-08-28T05:00,MTR-002,water,6.19
2026-08-28T06:00,MTR-001,electricity,0.45
2026-08-28T06:00,MTR-002,water,13.84
2026-08-28T07:00,MTR-001,electricity,1.23
2026-08-28T07:00,MTR-002,water,15.22
2026-08-28T08:00,MTR-001,electricity,1.06
2026-08-28T08:00,MTR-002,water,16.74
2026-08-28T09:00,MTR-001,electricity,1.38
2026-08-28T09:00,MTR-002,water,15.76
2026-08-28T10:00,MTR-001,electricity,0.38
2026-08-28T10:00,MTR-002,water,6.83
2026-08-28T11:00,MTR-001,electricity,0.61
2026-08-28T11:00,MTR-002,water,5.90
2026-08-28T12:00,MTR-001,electricity,0.65
2026-08-28T12:00,MTR-002,water,7.31
2026-08-28T13:00,MTR-001,electricity,0.77
2026-08-28T13:00,MTR-002,water,6.38
2026-08-28T14:00,MTR-001,electricity,0.89
2026-08-28T14:00,MTR-002,water,7.92
2026-08-28T15:00,MTR-001,electricity,0.34
2026-08-28T15:00,MTR-002,water,5.95
2026-08-28T16:00,MTR-001,electricity,0.46
2026-08-28T16:00,MTR-002,water,7.64
2026-08-28T17:00,MTR-001,electricity,0.22
2026-08-28T17:00,MTR-002,water,6.80
2026-08-28T18:00,MTR-001,electricity,1.85
2026-08-28T18:00,MTR-002,water,7.48
2026-08-28T19:00,MTR-001,electricity,1.80
2026-08-28T19:00,MTR-002,water,14.65
2026-08-28T20:00,MTR-001,electricity,1.44
2026-08-28T20:00,MTR-002,water,11.58
2026-08-28T21:00,MTR-001,electricity,1.68
2026-08-28T21:00,MTR-002,water,12.87
2026-08-28T22:00,MTR-001,electricity,1.72
2026-08-28T22:00,MTR-002,water,4.91
2026-08-28T23:00,MTR-001,electricity,0.34
2026-08-28T23:00,MTR-002,water,7.17
2026-08-29T00:00,MTR-001,electricity,0.27
2026-08-29T00:00,MTR-002,water,7.62
2026-08-29T01:00,MTR-001,electricity,0.17
2026-08-29T01:00,MTR-002,water,6.88
2026-08-29T02:00,MTR-001,electricity,0.45
2026-08-29T02:00,MTR-002,water,9.52
2026-08-29T03:00,MTR-001,electricity,0.45
2026-08-29T03:00,MTR-002,water,7.20
2026-08-29T04:00,MTR-001,electricity,0.49
2026-08-29T04:00,MTR-002,water,5.96
2026-08-29T05:00,MTR-001,electricity,0.30
2026-08-29T05:00,MTR-002,water,8.15
2026-08-29T06:00,MTR-001,electricity,0.51
2026-08-29T06:00,MTR-002,water,15.40
2026-08-29T07:00,MTR-001,electricity,1.57
2026-08-29T07:00,MTR-002,water,15.30
2026-08-29T08:00,MTR-001,electricity,1.30
2026-08-29T08:00,MTR-002,water,16.62
2026-08-29T09:00,MTR-001,electricity,1.16
2026-08-29T09:00,MTR-002,water,16.66
2026-08-29T10:00,MTR-001,electricity,0.53
2026-08-29T10:00,MTR-002,water,5.83
2026-08-29T11:00,MTR-001,electricity,0.60
2026-08-29T11:00,MTR-002,water,7.59
2026-08-29T12:00,MTR-001,electricity,0.90
2026-08-29T12:00,MTR-002,water,7.02
2026-08-29T13:00,MTR-001,electricity,0.38
2026-08-29T13:00,MTR-002,water,6.10
2026-08-29T14:00,MTR-001,electricity,0.62
2026-08-29T14:00,MTR-002,water,5.96
2026-08-29T15:00,MTR-001,electricity,0.33
2026-08-29T15:00,MTR-002,water,6.57
2026-08-29T16:00,MTR-001,electricity,0.39
2026-08-29T16:00,MTR-002,water,5.93
2026-08-29T17:00,MTR-001,electricity,0.46
2026-08-29T17:00,MTR-002,water,6.36
2026-08-29T18:00,MTR-001,electricity,1.74
2026-08-29T18:00,MTR-002,water,6.89
2026-08-29T19:00,MTR-001,electricity,1.58
2026-08-29T19:00,MTR-002,water,13.64
2026-08-29T20:00,MTR-001,electricity,1.72
2026-08-29T20:00,MTR-002,water,12.33
2026-08-29T21:00,MTR-001,electricity,1.59
2026-08-29T21:00,MTR-002,water,12.39
2026-08-29T22:00,MTR-001,electricity,1.45
2026-08-29T22:00,MTR-002,water,7.27
2026-08-29T23:00,MTR-001,electricity,0.51
2026-08-29T23:00,MTR-002,water,7.41
2026-08-30T00:00,MTR-001,electricity,0.29
2026-08-30T00:00,MTR-002,water,6.86
2026-08-30T01:00,MTR-001,electricity,0.63
2026-08-30T01:00,MTR-002,water,7.67
2026-08-30T02:00,MTR-001,electricity,0.29
2026-08-30T02:00,MTR-002,water,7.11
2026-08-30T03:00,MTR-001,electricity,0.55
2026-08-30T03:00,MTR-002,water,6.35
2026-08-30T04:00,MTR-001,electricity,0.43
2026-08-30T04:00,MTR-002,water,7.41
2026-08-30T05:00,MTR-001,electricity,0.64
2026-08-30T05:00,MTR-002,water,8.42
2026-08-30T06:00,MTR-001,electricity,0.55
2026-08-30T06:00,MTR-002,water,14.01
2026-08-30T07:00,MTR-001,electricity,1.31
2026-08-30T07:00,MTR-002,water,14.51
2026-08-30T08:00,MTR-001,electricity,1.34
2026-08-30T08:00,MTR-002,water,14.87
2026-08-30T09:00,MTR-001,electricity,1.23
2026-08-30T09:00,MTR-002,water,15.57
2026-08-30T10:00,MTR-001,electricity,0.56
2026-08-30T10:00,MTR-002,water,5.15
2026-08-30T11:00,MTR-001,electricity,0.53
2026-08-30T11:00,MTR-002,water,6.38
2026-08-30T12:00,MTR-001,electricity,0.64
2026-08-30T12:00,MTR-002,water,7.40
2026-08-30T13:00,MTR-001,electricity,0.75
2026-08-30T13:00,MTR-002,water,5.70
2026-08-30T14:00,MTR-001,electricity,0.74
2026-08-30T14:00,MTR-002,water,7.46
2026-08-30T15:00,MTR-001,electricity,0.57
2026-08-30T15:00,MTR-002,water,7.69
2026-08-30T16:00,MTR-001,electricity,0.65
2026-08-30T16:00,MTR-002,water,6.46
2026-08-30T17:00,MTR-001,electricity,0.53
2026-08-30T17:00,MTR-002,water,5.99
2026-08-30T18:00,MTR-001,electricity,1.62
2026-08-30T18:00,MTR-002,water,6.65
2026-08-30T19:00,MTR-001,electricity,1.64
2026-08-30T19:00,MTR-002,water,13.95
2026-08-30T20:00,MTR-001,electricity,1.77
2026-08-30T20:00,MTR-002,water,10.80
2026-08-30T21:00,MTR-001,electricity,1.65
2026-08-30T21:00,MTR-002,water,12.57
2026-08-30T22:00,MTR-001,electricity,1.64
2026-08-30T22:00,MTR-002,water,6.44
2026-08-30T23:00,MTR-001,electricity,0.40
2026-08-30T23:00,MTR-002,water,6.28
2026-08-31T00:00,MTR-001,electricity,0.44
2026-08-31T00:00,MTR-002,water,8.38
2026-08-31T01:00,MTR-001,electricity,0.38
2026-08-31T01:00,MTR-002,water,7.52
2026-08-31T02:00,MTR-001,electricity,0.44
2026-08-31T02:00,MTR-002,water,5.49
2026-08-31T03:00,MTR-001,electricity,0.50
2026-08-31T03:00,MTR-002,water,7.20
2026-08-31T04:00,MTR-001,electricity,0.36
2026-08-31T04:00,MTR-002,water,8.13
2026-08-31T05:00,MTR-001,electricity,0.54
2026-08-31T05:00,MTR-002,water,7.44
2026-08-31T06:00,MTR-001,electricity,0.46
2026-08-31T06:00,MTR-002,water,14.87
2026-08-31T07:00,MTR-001,electricity,1.32
2026-08-31T07:00,MTR-002,water,13.89
2026-08-31T08:00,MTR-001,electricity,1.32
2026-08-31T08:00,MTR-002,water,16.36
2026-08-31T09:00,MTR-001,electricity,1.25
2026-08-31T09:00,MTR-002,water,14.11
2026-08-31T10:00,MTR-001,electricity,0.54
2026-08-31T10:00,MTR-002,water,5.70
2026-08-31T11:00,MTR-001,electricity,0.48
2026-08-31T11:00,MTR-002,water,7.72
2026-08-31T12:00,MTR-001,electricity,0.71
2026-08-31T12:00,MTR-002,water,6.48
2026-08-31T13:00,MTR-001,electricity,0.64
2026-08-31T13:00,MTR-002,water,6.71
2026-08-31T14:00,MTR-001,electricity,0.73
2026-08-31T14:00,MTR-002,water,6.72
2026-08-31T15:00,MTR-001,electricity,0.49
2026-08-31T15:00,MTR-002,water,7.20
2026-08-31T16:00,MTR-001,electricity,0.43
2026-08-31T16:00,MTR-002,water,6.94
2026-08-31T17:00,MTR-001,electricity,0.26
2026-08-31T17:00,MTR-002,water,7.20
2026-08-31T18:00,MTR-001,electricity,1.76
2026-08-31T18:00,MTR-002,water,5.11
2026-08-31T19:00,MTR-001,electricity,1.67
2026-08-31T19:00,MTR-002,water,11.89
2026-08-31T20:00,MTR-001,electricity,1.52
2026-08-31T20:00,MTR-002,water,13.05
2026-08-31T21:00,MTR-001,electricity,1.66
2026-08-31T21:00,MTR-002,water,14.07
2026-08-31T22:00,MTR-001,electricity,1.61
2026-08-31T22:00,MTR-002,water,6.56
2026-08-31T23:00,MTR-001,electricity,0.50
2026-08-31T23:00,MTR-002,water,7.55
2026-09-01T00:00,MTR-001,electricity,0.35
2026-09-01T00:00,MTR-002,water,6.79
2026-09-01T01:00,MTR-001,electricity,0.45
2026-09-01T01:00,MTR-002,water,7.80
2026-09-01T02:00,MTR-001,electricity,3.17
2026-09-01T02:00,MTR-002,water,8.58
2026-09-01T03:00,MTR-001,electricity,0.46
2026-09-01T03:00,MTR-002,water,5.97
2026-09-01T04:00,MTR-001,electricity,0.50
2026-09-01T04:00,MTR-002,water,9.09
2026-09-01T05:00,MTR-001,electricity,0.53
2026-09-01T05:00,MTR-002,water,7.98
2026-09-01T06:00,MTR-001,electricity,0.47
2026-09-01T06:00,MTR-002,water,14.80
2026-09-01T07:00,MTR-001,electricity,1.07
2026-09-01T07:00,MTR-002,water,14.04
2026-09-01T08:00,MTR-001,electricity,1.32
2026-09-01T08:00,MTR-002,water,14.54
2026-09-01T09:00,MTR-001,electricity,1.08
2026-09-01T09:00,MTR-002,water,14.98
2026-09-01T10:00,MTR-001,electricity,0.43
2026-09-01T10:00,MTR-002,water,6.76
2026-09-01T11:00,MTR-001,electricity,0.57
2026-09-01T11:00,MTR-002,water,8.50
2026-09-01T12:00,MTR-001,electricity,0.67
2026-09-01T12:00,MTR-002,water,5.98
2026-09-01T13:00,MTR-001,electricity,0.70
2026-09-01T13:00,MTR-002,water,5.87
2026-09-01T14:00,MTR-001,electricity,0.75
2026-09-01T14:00,MTR-002,water,6.48
2026-09-01T15:00,MTR-001,electricity,0.44
2026-09-01T15:00,MTR-002,water,7.45
2026-09-01T16:00,MTR-001,electricity,0.42
2026-09-01T16:00,MTR-002,water,7.71
2026-09-01T17:00,MTR-001,electricity,0.32
2026-09-01T17:00,MTR-002,water,6.00
2026-09-01T18:00,MTR-001,electricity,1.51
2026-09-01T18:00,MTR-002,water,7.84
2026-09-01T19:00,MTR-001,electricity,1.81
2026-09-01T19:00,MTR-002,water,13.21
2026-09-01T20:00,MTR-001,electricity,1.55
2026-09-01T20:00,MTR-002,water,13.41
2026-09-01T21:00,MTR-001,electricity,1.77
2026-09-01T21:00,MTR-002,water,13.21
2026-09-01T22:00,MTR-001,electricity,1.77
2026-09-01T22:00,MTR-002,water,5.41
2026-09-01T23:00,MTR-001,electricity,0.57
2026-09-01T23:00,MTR-002,water,7.87
2026-09-02T00:00,MTR-001,electricity,0.64
2026-09-02T00:00,MTR-002,water,8.02
2026-09-02T01:00,MTR-001,electricity,0.54
2026-09-02T01:00,MTR-002,water,6.57
2026-09-02T02:00,MTR-001,electricity,0.55
2026-09-02T02:00,MTR-002,water,8.53
2026-09-02T03:00,MTR-001,electricity,3.09
2026-09-02T03:00,MTR-002,water,6.72
2026-09-02T04:00,MTR-001,electricity,0.35
2026-09-02T04:00,MTR-002,water,6.48
2026-09-02T05:00,MTR-001,electricity,0.38
2026-09-02T05:00,MTR-002,water,6.32
2026-09-02T06:00,MTR-001,electricity,0.34
2026-09-02T06:00,MTR-002,water,15.96
2026-09-02T07:00,MTR-001,electricity,1.33
2026-09-02T07:00,MTR-002,water,14.18
2026-09-02T08:00,MTR-001,electricity,1.23
2026-09-02T08:00,MTR-002,water,14.73
2026-09-02T09:00,MTR-001,electricity,1.58
2026-09-02T09:00,MTR-002,water,14.08
2026-09-02T10:00,MTR-001,electricity,0.39
2026-09-02T10:00,MTR-002,water,8.03
2026-09-02T11:00,MTR-001,electricity,0.40
2026-09-02T11:00,MTR-002,water,7.72
2026-09-02T12:00,MTR-001,electricity,0.71
2026-09-02T12:00,MTR-002,water,5.77
2026-09-02T13:00,MTR-001,electricity,0.66
2026-09-02T13:00,MTR-002,water,6.01
2026-09-02T14:00,MTR-001,electricity,0.83
2026-09-02T14:00,MTR-002,water,7.34
2026-09-02T15:00,MTR-001,electricity,0.62
2026-09-02T15:00,MTR-002,water,8.05
2026-09-02T16:00,MTR-001,electricity,0.51
2026-09-02T16:00,MTR-002,water,6.55
2026-09-02T17:00,MTR-001,electricity,0.45
2026-09-02T17:00,MTR-002,water,8.10
2026-09-02T18:00,MTR-001,electricity,1.83
2026-09-02T18:00,MTR-002,water,5.85
2026-09-02T19:00,MTR-001,electricity,1.62
2026-09-02T19:00,MTR-002,water,13.73
2026-09-02T20:00,MTR-001,electricity,1.79
2026-09-02T20:00,MTR-002,water,13.93
2026-09-02T21:00,MTR-001,electricity,1.49
2026-09-02T21:00,MTR-002,water,13.80
2026-09-02T22:00,MTR-001,electricity,1.51
2026-09-02T22:00,MTR-002,water,6.56
2026-09-02T23:00,MTR-001,electricity,0.50
2026-09-02T23:00,MTR-002,water,7.19
2026-09-03T00:00,MTR-001,electricity,0.40
2026-09-03T00:00,MTR-002,water,7.52
2026-09-03T01:00,MTR-001,electricity,0.26
2026-09-03T01:00,MTR-002,water,18.84
2026-09-03T02:00,MTR-001,electricity,0.60
2026-09-03T02:00,MTR-002,water,20.21
2026-09-03T03:00,MTR-001,electricity,5.49
2026-09-03T03:00,MTR-002,water,19.11
2026-09-03T04:00,MTR-001,electricity,0.28
2026-09-03T04:00,MTR-002,water,7.29
2026-09-03T05:00,MTR-001,electricity,0.53
2026-09-03T05:00,MTR-002,water,8.24
2026-09-03T06:00,MTR-001,electricity,0.40
2026-09-03T06:00,MTR-002,water,15.21
2026-09-03T07:00,MTR-001,electricity,1.23
2026-09-03T07:00,MTR-002,water,16.51
2026-09-03T08:00,MTR-001,electricity,1.26
2026-09-03T08:00,MTR-002,water,16.08
2026-09-03T09:00,MTR-001,electricity,1.27
2026-09-03T09:00,MTR-002,water,16.66
2026-09-03T10:00,MTR-001,electricity,0.44
2026-09-03T10:00,MTR-002,water,6.61
2026-09-03T11:00,MTR-001,electricity,0.39
2026-09-03T11:00,MTR-002,water,8.31
2026-09-03T12:00,MTR-001,electricity,0.82
2026-09-03T12:00,MTR-002,water,7.88
2026-09-03T13:00,MTR-001,electricity,0.81
2026-09-03T13:00,MTR-002,water,7.46
2026-09-03T14:00,MTR-001,electricity,0.64
2026-09-03T14:00,MTR-002,water,7.72
2026-09-03T15:00,MTR-001,electricity,0.47
2026-09-03T15:00,MTR-002,water,7.02
2026-09-03T16:00,MTR-001,electricity,0.52
2026-09-03T16:00,MTR-002,water,6.58
2026-09-03T17:00,MTR-001,electricity,0.36
2026-09-03T17:00,MTR-002,water,6.40
2026-09-03T18:00,MTR-001,electricity,1.69
2026-09-03T18:00,MTR-002,water,6.66
2026-09-03T19:00,MTR-001,electricity,1.76
2026-09-03T19:00,MTR-002,water,13.64
2026-09-03T20:00,MTR-001,electricity,1.65
2026-09-03T20:00,MTR-002,water,13.19
2026-09-03T21:00,MTR-001,electricity,1.70
2026-09-03T21:00,MTR-002,water,12.23
2026-09-03T22:00,MTR-001,electricity,1.59
2026-09-03T22:00,MTR-002,water,6.56
2026-09-03T23:00,MTR-001,electricity,0.44
2026-09-03T23:00,MTR-002,water,7.31
2026-09-04T00:00,MTR-001,electricity,0.50
2026-09-04T00:00,MTR-002,water,8.95
2026-09-04T01:00,MTR-001,electricity,0.41
2026-09-04T01:00,MTR-002,water,8.37
2026-09-04T02:00,MTR-001,electricity,0.38
2026-09-04T02:00,MTR-002,water,6.87
2026-09-04T03:00,MTR-001,electricity,0.60
2026-09-04T03:00,MTR-002,water,6.08
2026-09-04T04:00,MTR-001,electricity,0.68
2026-09-04T04:00,MTR-002,water,17.63
2026-09-04T05:00,MTR-001,electricity,0.46
2026-09-04T05:00,MTR-002,water,6.49
2026-09-04T06:00,MTR-001,electricity,0.48
2026-09-04T06:00,MTR-002,water,14.68
2026-09-04T07:00,MTR-001,electricity,1.29
2026-09-04T07:00,MTR-002,water,16.13
2026-09-04T08:00,MTR-001,electricity,1.08
2026-09-04T08:00,MTR-002,water,16.43
2026-09-04T09:00,MTR-001,electricity,1.39
2026-09-04T09:00,MTR-002,water,16.94
2026-09-04T10:00,MTR-001,electricity,0.35
2026-09-04T10:00,MTR-002,water,6.74
2026-09-04T11:00,MTR-001,electricity,0.67
2026-09-04T11:00,MTR-002,water,5.87
2026-09-04T12:00,MTR-001,electricity,0.73
2026-09-04T12:00,MTR-002,water,7.75
2026-09-04T13:00,MTR-001,electricity,0.81
2026-09-04T13:00,MTR-002,water,6.83
2026-09-04T14:00,MTR-001,electricity,1.01
2026-09-04T14:00,MTR-002,water,8.07
2026-09-04T15:00,MTR-001,electricity,0.37
2026-09-04T15:00,MTR-002,water,6.46
2026-09-04T16:00,MTR-001,electricity,0.47
2026-09-04T16:00,MTR-002,water,7.43
2026-09-04T17:00,MTR-001,electricity,0.25
2026-09-04T17:00,MTR-002,water,7.05
2026-09-04T18:00,MTR-001,electricity,1.82
2026-09-04T18:00,MTR-002,water,7.09
2026-09-04T19:00,MTR-001,electricity,1.83
2026-09-04T19:00,MTR-002,water,14.63
2026-09-04T20:00,MTR-001,electricity,1.42
2026-09-04T20:00,MTR-002,water,11.56
2026-09-04T21:00,MTR-001,electricity,1.68
2026-09-04T21:00,MTR-002,water,12.38
2026-09-04T22:00,MTR-001,electricity,1.63
2026-09-04T22:00,MTR-002,water,5.31
2026-09-04T23:00,MTR-001,electricity,0.37
2026-09-04T23:00,MTR-002,water,7.95
2026-09-05T00:00,MTR-001,electricity,0.27
2026-09-05T00:00,MTR-002,water,7.52
2026-09-05T01:00,MTR-001,electricity,0.17
2026-09-05T01:00,MTR-002,water,7.55
2026-09-05T02:00,MTR-001,electricity,0.49
2026-09-05T02:00,MTR-002,water,9.71
2026-09-05T03:00,MTR-001,electricity,0.50
2026-09-05T03:00,MTR-002,water,7.73
2026-09-05T04:00,MTR-001,electricity,0.49
2026-09-05T04:00,MTR-002,water,6.18
2026-09-05T05:00,MTR-001,electricity,0.30
2026-09-05T05:00,MTR-002,water,8.20
2026-09-05T06:00,MTR-001,electricity,0.49
2026-09-05T06:00,MTR-002,water,15.44
2026-09-05T07:00,MTR-001,electricity,1.58
2026-09-05T07:00,MTR-002,water,14.09
2026-09-05T08:00,MTR-001,electricity,1.40
2026-09-05T08:00,MTR-002,water,15.94
2026-09-05T09:00,MTR-001,electricity,1.17
2026-09-05T09:00,MTR-002,water,17.68
2026-09-05T10:00,MTR-001,electricity,0.52
2026-09-05T10:00,MTR-002,water,6.13
2026-09-05T11:00,MTR-001,electricity,0.63
2026-09-05T11:00,MTR-002,water,7.17
2026-09-05T12:00,MTR-001,electricity,0.83
2026-09-05T12:00,MTR-002,water,7.13
2026-09-05T13:00,MTR-001,electricity,0.44
2026-09-05T13:00,MTR-002,water,5.89
2026-09-05T14:00,MTR-001,electricity,0.69
2026-09-05T14:00,MTR-002,water,5.95
2026-09-05T15:00,MTR-001,electricity,0.34
2026-09-05T15:00,MTR-002,water,6.76
2026-09-05T16:00,MTR-001,electricity,0.41
2026-09-05T16:00,MTR-002,water,6.13
2026-09-05T17:00,MTR-001,electricity,0.46
2026-09-05T17:00,MTR-002,water,7.16
2026-09-05T18:00,MTR-001,electricity,1.63
2026-09-05T18:00,MTR-002,water,7.44
2026-09-05T19:00,MTR-001,electricity,1.58
2026-09-05T19:00,MTR-002,water,13.32
2026-09-05T20:00,MTR-001,electricity,1.63
2026-09-05T20:00,MTR-002,water,12.97
2026-09-05T21:00,MTR-001,electricity,1.58
2026-09-05T21:00,MTR-002,water,12.62
2026-09-05T22:00,MTR-001,electricity,1.56
2026-09-05T22:00,MTR-002,water,7.12
2026-09-05T23:00,MTR-001,electricity,0.48
2026-09-05T23:00,MTR-002,water,7.07
2026-09-06T00:00,MTR-001,electricity,0.28
2026-09-06T00:00,MTR-002,water,7.32
2026-09-06T01:00,MTR-001,electricity,0.64
2026-09-06T01:00,MTR-002,water,7.15
2026-09-06T02:00,MTR-001,electricity,0.28
2026-09-06T02:00,MTR-002,water,6.72
2026-09-06T03:00,MTR-001,electricity,0.56
2026-09-06T03:00,MTR-002,water,6.45
2026-09-06T04:00,MTR-001,electricity,0.44
2026-09-06T04:00,MTR-002,water,7.09
2026-09-06T05:00,MTR-001,electricity,0.61
2026-09-06T05:00,MTR-002,water,8.12
2026-09-06T06:00,MTR-001,electricity,0.54
2026-09-06T06:00,MTR-002,water,14.35
2026-09-06T07:00,MTR-001,electricity,1.21
2026-09-06T07:00,MTR-002,water,14.23
2026-09-06T08:00,MTR-001,electricity,1.47
2026-09-06T08:00,MTR-002,water,14.79
2026-09-06T09:00,MTR-001,electricity,1.27
2026-09-06T09:00,MTR-002,water,16.89
2026-09-06T10:00,MTR-001,electricity,0.60
2026-09-06T10:00,MTR-002,water,5.24
2026-09-06T11:00,MTR-001,electricity,0.58
2026-09-06T11:00,MTR-002,water,6.26
2026-09-06T12:00,MTR-001,electricity,0.60
2026-09-06T12:00,MTR-002,water,7.63
2026-09-06T13:00,MTR-001,electricity,0.75
2026-09-06T13:00,MTR-002,water,5.74
2026-09-06T14:00,MTR-001,electricity,0.72
2026-09-06T14:00,MTR-002,water,6.99
2026-09-06T15:00,MTR-001,electricity,0.61
2026-09-06T15:00,MTR-002,water,7.84
2026-09-06T16:00,MTR-001,electricity,0.71
2026-09-06T16:00,MTR-002,water,6.10
2026-09-06T17:00,MTR-001,electricity,0.54
2026-09-06T17:00,MTR-002,water,6.19
2026-09-06T18:00,MTR-001,electricity,1.79
2026-09-06T18:00,MTR-002,water,6.94
2026-09-06T19:00,MTR-001,electricity,1.67
2026-09-06T19:00,MTR-002,water,15.08
2026-09-06T20:00,MTR-001,electricity,1.84
2026-09-06T20:00,MTR-002,water,10.60
2026-09-06T21:00,MTR-001,electricity,1.74
2026-09-06T21:00,MTR-002,water,13.00
2026-09-06T22:00,MTR-001,electricity,1.63
2026-09-06T22:00,MTR-002,water,6.89
2026-09-06T23:00,MTR-001,electricity,0.41
2026-09-06T23:00,MTR-002,water,6.33
2026-09-07T00:00,MTR-001,electricity,0.43
2026-09-07T00:00,MTR-002,water,6.79
2026-09-07T01:00,MTR-001,electricity,0.43
2026-09-07T01:00,MTR-002,water,7.84
2026-09-07T02:00,MTR-001,electricity,0.43
2026-09-07T02:00,MTR-002,water,5.20
2026-09-07T03:00,MTR-001,electricity,0.50
2026-09-07T03:00,MTR-002,water,6.68
2026-09-07T04:00,MTR-001,electricity,0.42
2026-09-07T04:00,MTR-002,water,7.14
2026-09-07T05:00,MTR-001,electricity,0.48
2026-09-07T05:00,MTR-002,water,8.40
2026-09-07T06:00,MTR-001,electricity,0.55
2026-09-07T06:00,MTR-002,water,15.13
2026-09-07T07:00,MTR-001,electricity,1.14
2026-09-07T07:00,MTR-002,water,13.78
2026-09-07T08:00,MTR-001,electricity,1.29
2026-09-07T08:00,MTR-002,water,16.57
2026-09-07T09:00,MTR-001,electricity,1.26
2026-09-07T09:00,MTR-002,water,14.87
2026-09-07T10:00,MTR-001,electricity,0.53
2026-09-07T10:00,MTR-002,water,5.26
2026-09-07T11:00,MTR-001,electricity,0.40
2026-09-07T11:00,MTR-002,water,7.59
2026-09-07T12:00,MTR-001,electricity,0.83
2026-09-07T12:00,MTR-002,water,6.71
2026-09-07T13:00,MTR-001,electricity,0.76
2026-09-07T13:00,MTR-002,water,7.30
2026-09-07T14:00,MTR-001,electricity,0.82
2026-09-07T14:00,MTR-002,water,5.66
2026-09-07T15:00,MTR-001,electricity,0.54
2026-09-07T15:00,MTR-002,water,5.18
2026-09-07T16:00,MTR-001,electricity,0.10
2026-09-07T16:00,MTR-002,water,6.27
2026-09-07T17:00,MTR-001,electricity,0.31
2026-09-07T17:00,MTR-002,water,8.05
2026-09-07T18:00,MTR-001,electricity,1.75
2026-09-07T18:00,MTR-002,water,5.54
2026-09-07T19:00,MTR-001,electricity,1.78
2026-09-07T19:00,MTR-002,water,11.80
2026-09-07T20:00,MTR-001,electricity,1.64
2026-09-07T20:00,MTR-002,water,12.65
2026-09-07T21:00,MTR-001,electricity,1.67
2026-09-07T21:00,MTR-002,water,13.98
2026-09-07T22:00,MTR-001,electricity,1.75
2026-09-07T22:00,MTR-002,water,7.42
2026-09-07T23:00,MTR-001,electricity,0.55
2026-09-07T23:00,MTR-002,water,7.57
2026-09-08T00:00,MTR-001,electricity,0.36
2026-09-08T00:00,MTR-002,water,6.14
2026-09-08T01:00,MTR-001,electricity,0.38
2026-09-08T01:00,MTR-002,water,7.60
2026-09-08T02:00,MTR-001,electricity,0.41
2026-09-08T02:00,MTR-002,water,9.80
2026-09-08T03:00,MTR-001,electricity,0.33
2026-09-08T03:00,MTR-002,water,5.68
2026-09-08T04:00,MTR-001,electricity,0.57
2026-09-08T04:00,MTR-002,water,8.71
2026-09-08T05:00,MTR-001,electricity,0.53
2026-09-08T05:00,MTR-002,water,8.00
2026-09-08T06:00,MTR-001,electricity,0.66
2026-09-08T06:00,MTR-002,water,14.89
2026-09-08T07:00,MTR-001,electricity,1.04
2026-09-08T07:00,MTR-002,water,14.36
2026-09-08T08:00,MTR-001,electricity,1.39
2026-09-08T08:00,MTR-002,water,13.27
2026-09-08T09:00,MTR-001,electricity,1.26
2026-09-08T09:00,MTR-002,water,15.30
2026-09-08T10:00,MTR-001,electricity,0.40
2026-09-08T10:00,MTR-002,water,7.87
2026-09-08T11:00,MTR-001,electricity,0.54
2026-09-08T11:00,MTR-002,water,9.79
2026-09-08T12:00,MTR-001,electricity,0.79
2026-09-08T12:00,MTR-002,water,6.27
2026-09-08T13:00,MTR-001,electricity,0.62
2026-09-08T13:00,MTR-002,water,6.00
2026-09-08T14:00,MTR-001,electricity,0.84
2026-09-08T14:00,MTR-002,water,6.32
2026-09-08T15:00,MTR-001,electricity,0.44
2026-09-08T15:00,MTR-002,water,7.90
2026-09-08T16:00,MTR-001,electricity,0.34
2026-09-08T16:00,MTR-002,water,6.65
2026-09-08T17:00,MTR-001,electricity,0.17
2026-09-08T17:00,MTR-002,water,5.70
2026-09-08T18:00,MTR-001,electricity,1.56
2026-09-08T18:00,MTR-002,water,7.50
2026-09-08T19:00,MTR-001,electricity,1.83
2026-09-08T19:00,MTR-002,water,12.98
2026-09-08T20:00,MTR-001,electricity,1.69
2026-09-08T20:00,MTR-002,water,13.20
2026-09-08T21:00,MTR-001,electricity,1.81
2026-09-08T21:00,MTR-002,water,14.07
2026-09-08T22:00,MTR-001,electricity,1.69
2026-09-08T22:00,MTR-002,water,5.79
2026-09-08T23:00,MTR-001,electricity,0.59
2026-09-08T23:00,MTR-002,water,7.46
2026-09-09T00:00,MTR-001,electricity,0.63
2026-09-09T00:00,MTR-002,water,6.96
2026-09-09T01:00,MTR-001,electricity,0.74
2026-09-09T01:00,MTR-002,water,6.57
2026-09-09T02:00,MTR-001,electricity,0.69
2026-09-09T02:00,MTR-002,water,7.14
2026-09-09T03:00,MTR-001,electricity,0.37
2026-09-09T03:00,MTR-002,water,5.65
2026-09-09T04:00,MTR-001,electricity,0.43
2026-09-09T04:00,MTR-002,water,8.71
2026-09-09T05:00,MTR-001,electricity,0.57
2026-09-09T05:00,MTR-002,water,7.83
2026-09-09T06:00,MTR-001,electricity,0.10
2026-09-09T06:00,MTR-002,water,15.85
2026-09-09T07:00,MTR-001,electricity,1.33
2026-09-09T07:00,MTR-002,water,14.34
2026-09-09T08:00,MTR-001,electricity,1.16
2026-09-09T08:00,MTR-002,water,15.00
2026-09-09T09:00,MTR-001,electricity,1.51
2026-09-09T09:00,MTR-002,water,13.73
2026-09-09T10:00,MTR-001,electricity,0.39
2026-09-09T10:00,MTR-002,water,8.63
2026-09-09T11:00,MTR-001,electricity,0.38
2026-09-09T11:00,MTR-002,water,6.56
2026-09-09T12:00,MTR-001,electricity,0.71
2026-09-09T12:00,MTR-002,water,5.51
2026-09-09T13:00,MTR-001,electricity,0.73
2026-09-09T13:00,MTR-002,water,5.55
2026-09-09T14:00,MTR-001,electricity,0.83
2026-09-09T14:00,MTR-002,water,7.00
2026-09-09T15:00,MTR-001,electricity,0.79
2026-09-09T15:00,MTR-002,water,7.34
2026-09-09T16:00,MTR-001,electricity,0.65
2026-09-09T16:00,MTR-002,water,5.44
2026-09-09T17:00,MTR-001,electricity,0.43
2026-09-09T17:00,MTR-002,water,7.39
2026-09-09T18:00,MTR-001,electricity,1.91
2026-09-09T18:00,MTR-002,water,4.98
2026-09-09T19:00,MTR-001,electricity,1.80
2026-09-09T19:00,MTR-002,water,13.71
2026-09-09T20:00,MTR-001,electricity,1.88
2026-09-09T20:00,MTR-002,water,13.85
2026-09-09T21:00,MTR-001,electricity,1.66
2026-09-09T21:00,MTR-002,water,12.37
2026-09-09T22:00,MTR-001,electricity,1.46
2026-09-09T22:00,MTR-002,water,7.23
2026-09-09T23:00,MTR-001,electricity,0.42
2026-09-09T23:00,MTR-002,water,9.42
2026-09-10T00:00,MTR-001,electricity,0.36
2026-09-10T00:00,MTR-002,water,7.38
2026-09-10T01:00,MTR-001,electricity,0.21
2026-09-10T01:00,MTR-002,water,6.53
2026-09-10T02:00,MTR-001,electricity,0.49
2026-09-10T02:00,MTR-002,water,7.99
2026-09-10T03:00,MTR-001,electricity,0.67
2026-09-10T03:00,MTR-002,water,6.95
2026-09-10T04:00,MTR-001,electricity,0.28
2026-09-10T04:00,MTR-002,water,7.55
2026-09-10T05:00,MTR-001,electricity,0.53
2026-09-10T05:00,MTR-002,water,7.59
2026-09-10T06:00,MTR-001,electricity,0.34
2026-09-10T06:00,MTR-002,water,16.36
2026-09-10T07:00,MTR-001,electricity,1.26
2026-09-10T07:00,MTR-002,water,15.84
2026-09-10T08:00,MTR-001,electricity,1.44
2026-09-10T08:00,MTR-002,water,15.73
2026-09-10T09:00,MTR-001,electricity,1.29
2026-09-10T09:00,MTR-002,water,17.58
2026-09-10T10:00,MTR-001,electricity,0.49
2026-09-10T10:00,MTR-002,water,6.64
2026-09-10T11:00,MTR-001,electricity,0.47
2026-09-10T11:00,MTR-002,water,8.78
2026-09-10T12:00,MTR-001,electricity,0.72
2026-09-10T12:00,MTR-002,water,7.62
2026-09-10T13:00,MTR-001,electricity,0.88
2026-09-10T13:00,MTR-002,water,6.38
2026-09-10T14:00,MTR-001,electricity,0.44
2026-09-10T14:00,MTR-002,water,7.36
2026-09-10T15:00,MTR-001,electricity,0.48
2026-09-10T15:00,MTR-002,water,6.27
2026-09-10T16:00,MTR-001,electricity,0.58
2026-09-10T16:00,MTR-002,water,7.73
2026-09-10T17:00,MTR-001,electricity,0.30
2026-09-10T17:00,MTR-002,water,7.62
2026-09-10T18:00,MTR-001,electricity,1.62
2026-09-10T18:00,MTR-002,water,5.22
2026-09-10T19:00,MTR-001,electricity,1.72
2026-09-10T19:00,MTR-002,water,12.95
2026-09-10T20:00,MTR-001,electricity,1.54
2026-09-10T20:00,MTR-002,water,13.63
2026-09-10T21:00,MTR-001,electricity,1.72
2026-09-10T21:00,MTR-002,water,12.31
2026-09-10T22:00,MTR-001,electricity,1.71
2026-09-10T22:00,MTR-002,water,8.22
2026-09-10T23:00,MTR-001,electricity,0.34
2026-09-10T23:00,MTR-002,water,7.46
2026-09-11T00:00,MTR-001,electricity,0.45
2026-09-11T00:00,MTR-002,water,9.72
2026-09-11T01:00,MTR-001,electricity,0.17
2026-09-11T01:00,MTR-002,water,7.83
2026-09-11T02:00,MTR-001,electricity,0.40
2026-09-11T02:00,MTR-002,water,6.88
2026-09-11T03:00,MTR-001,electricity,0.74
2026-09-11T03:00,MTR-002,water,6.99
2026-09-11T04:00,MTR-001,electricity,0.79
2026-09-11T04:00,MTR-002,water,6.47
2026-09-11T05:00,MTR-001,electricity,0.50
2026-09-11T05:00,MTR-002,water,6.41
2026-09-11T06:00,MTR-001,electricity,0.35
2026-09-11T06:00,MTR-002,water,15.07
2026-09-11T07:00,MTR-001,electricity,1.21
2026-09-11T07:00,MTR-002,water,15.24
2026-09-11T08:00,MTR-001,electricity,0.93
2026-09-11T08:00,MTR-002,water,17.40
2026-09-11T09:00,MTR-001,electricity,1.22
2026-09-11T09:00,MTR-002,water,17.09
2026-09-11T10:00,MTR-001,electricity,0.30
2026-09-11T10:00,MTR-002,water,7.35
2026-09-11T11:00,MTR-001,electricity,0.92
2026-09-11T11:00,MTR-002,water,5.96
2026-09-11T12:00,MTR-001,electricity,0.48
2026-09-11T12:00,MTR-002,water,6.34
2026-09-11T13:00,MTR-001,electricity,0.77
2026-09-11T13:00,MTR-002,water,7.83
2026-09-11T14:00,MTR-001,electricity,0.89
2026-09-11T14:00,MTR-002,water,6.69
2026-09-11T15:00,MTR-001,electricity,0.21
2026-09-11T15:00,MTR-002,water,6.48
2026-09-11T16:00,MTR-001,electricity,0.64
2026-09-11T16:00,MTR-002,water,7.56
2026-09-11T17:00,MTR-001,electricity,0.16
2026-09-11T17:00,MTR-002,water,6.96
2026-09-11T18:00,MTR-001,electricity,1.86
2026-09-11T18:00,MTR-002,water,9.55
2026-09-11T19:00,MTR-001,electricity,1.73
2026-09-11T19:00,MTR-002,water,13.37
2026-09-11T20:00,MTR-001,electricity,1.46
2026-09-11T20:00,MTR-002,water,11.99
2026-09-11T21:00,MTR-001,electricity,1.66
2026-09-11T21:00,MTR-002,water,13.60
2026-09-11T22:00,MTR-001,electricity,1.74
2026-09-11T22:00,MTR-002,water,6.43
2026-09-11T23:00,MTR-001,electricity,0.28
2026-09-11T23:00,MTR-002,water,6.07
2026-09-12T00:00,MTR-001,electricity,0.28
2026-09-12T00:00,MTR-002,water,7.77
2026-09-12T01:00,MTR-001,electricity,0.10
2026-09-12T01:00,MTR-002,water,6.60
2026-09-12T02:00,MTR-001,electricity,0.52
2026-09-12T02:00,MTR-002,water,8.83
2026-09-12T03:00,MTR-001,electricity,0.46
2026-09-12T03:00,MTR-002,water,8.20
2026-09-12T04:00,MTR-001,electricity,0.39
2026-09-12T04:00,MTR-002,water,6.11
2026-09-12T05:00,MTR-001,electricity,0.35
2026-09-12T05:00,MTR-002,water,8.83
2026-09-12T06:00,MTR-001,electricity,0.60
2026-09-12T06:00,MTR-002,water,15.58
2026-09-12T07:00,MTR-001,electricity,1.75
2026-09-12T07:00,MTR-002,water,14.96
2026-09-12T08:00,MTR-001,electricity,1.34
2026-09-12T08:00,MTR-002,water,15.37
2026-09-12T09:00,MTR-001,electricity,1.22
2026-09-12T09:00,MTR-002,water,17.78
2026-09-12T10:00,MTR-001,electricity,0.68
2026-09-12T10:00,MTR-002,water,5.32
2026-09-12T11:00,MTR-001,electricity,0.39
2026-09-12T11:00,MTR-002,water,7.51
2026-09-12T12:00,MTR-001,electricity,0.82
2026-09-12T12:00,MTR-002,water,5.38
2026-09-12T13:00,MTR-001,electricity,0.36
2026-09-12T13:00,MTR-002,water,4.71
2026-09-12T14:00,MTR-001,electricity,0.69
2026-09-12T14:00,MTR-002,water,6.88
2026-09-12T15:00,MTR-001,electricity,0.50
2026-09-12T15:00,MTR-002,water,6.08
2026-09-12T16:00,MTR-001,electricity,0.27
2026-09-12T16:00,MTR-002,water,4.57
2026-09-12T17:00,MTR-001,electricity,0.50
2026-09-12T17:00,MTR-002,water,7.44
2026-09-12T18:00,MTR-001,electricity,1.80
2026-09-12T18:00,MTR-002,water,7.95
2026-09-12T19:00,MTR-001,electricity,1.62
2026-09-12T19:00,MTR-002,water,14.62
2026-09-12T20:00,MTR-001,electricity,1.63
2026-09-12T20:00,MTR-002,water,12.21
2026-09-12T21:00,MTR-001,electricity,1.57
2026-09-12T21:00,MTR-002,water,12.30
2026-09-12T22:00,MTR-001,electricity,1.33
2026-09-12T22:00,MTR-002,water,7.19
2026-09-12T23:00,MTR-001,electricity,0.49
2026-09-12T23:00,MTR-002,water,6.57
2026-09-13T00:00,MTR-001,electricity,0.34
2026-09-13T00:00,MTR-002,water,7.45
2026-09-13T01:00,MTR-001,electricity,0.71
2026-09-13T01:00,MTR-002,water,7.05
2026-09-13T02:00,MTR-001,electricity,0.37
2026-09-13T02:00,MTR-002,water,6.29
2026-09-13T03:00,MTR-001,electricity,0.44
2026-09-13T03:00,MTR-002,water,5.48
2026-09-13T04:00,MTR-001,electricity,0.43
2026-09-13T04:00,MTR-002,water,7.07
2026-09-13T05:00,MTR-001,electricity,0.73
2026-09-13T05:00,MTR-002,water,8.13
2026-09-13T06:00,MTR-001,electricity,0.61
2026-09-13T06:00,MTR-002,water,14.14
2026-09-13T07:00,MTR-001,electricity,1.35
2026-09-13T07:00,MTR-002,water,13.63
2026-09-13T08:00,MTR-001,electricity,1.30
2026-09-13T08:00,MTR-002,water,15.50
2026-09-13T09:00,MTR-001,electricity,1.14
2026-09-13T09:00,MTR-002,water,17.40
2026-09-13T10:00,MTR-001,electricity,0.54
2026-09-13T10:00,MTR-002,water,4.72
2026-09-13T11:00,MTR-001,electricity,0.53
2026-09-13T11:00,MTR-002,water,6.51
2026-09-13T12:00,MTR-001,electricity,0.70
2026-09-13T12:00,MTR-002,water,7.56
2026-09-13T13:00,MTR-001,electricity,0.76
2026-09-13T13:00,MTR-002,water,4.55
2026-09-13T14:00,MTR-001,electricity,0.53
2026-09-13T14:00,MTR-002,water,7.93
2026-09-13T15:00,MTR-001,electricity,0.65
2026-09-13T15:00,MTR-002,water,9.28
2026-09-13T16:00,MTR-001,electricity,0.72
2026-09-13T16:00,MTR-002,water,4.53
2026-09-13T17:00,MTR-001,electricity,0.57
2026-09-13T17:00,MTR-002,water,4.70
2026-09-13T18:00,MTR-001,electricity,1.89
2026-09-13T18:00,MTR-002,water,7.30
2026-09-13T19:00,MTR-001,electricity,1.48
2026-09-13T19:00,MTR-002,water,15.41
2026-09-13T20:00,MTR-001,electricity,1.75
2026-09-13T20:00,MTR-002,water,10.73
2026-09-13T21:00,MTR-001,electricity,1.69
2026-09-13T21:00,MTR-002,water,12.12
2026-09-13T22:00,MTR-001,electricity,1.67
2026-09-13T22:00,MTR-002,water,6.44
2026-09-13T23:00,MTR-001,electricity,0.66
2026-09-13T23:00,MTR-002,water,5.29
2026-09-14T00:00,MTR-001,electricity,0.50
2026-09-14T00:00,MTR-002,water,9.18
2026-09-14T01:00,MTR-001,electricity,0.33
2026-09-14T01:00,MTR-002,water,7.25
2026-09-14T02:00,MTR-001,electricity,0.48
2026-09-14T02:00,MTR-002,water,6.17
2026-09-14T03:00,MTR-001,electricity,0.55
2026-09-14T03:00,MTR-002,water,7.12
2026-09-14T04:00,MTR-001,electricity,0.31
2026-09-14T04:00,MTR-002,water,9.11
2026-09-14T05:00,MTR-001,electricity,0.57
2026-09-14T05:00,MTR-002,water,6.80
2026-09-14T06:00,MTR-001,electricity,0.35
2026-09-14T06:00,MTR-002,water,14.06
2026-09-14T07:00,MTR-001,electricity,1.43
2026-09-14T07:00,MTR-002,water,14.82
2026-09-14T08:00,MTR-001,electricity,1.32
2026-09-14T08:00,MTR-002,water,14.78
2026-09-14T09:00,MTR-001,electricity,1.34
2026-09-14T09:00,MTR-002,water,14.86
2026-09-14T10:00,MTR-001,electricity,0.56
2026-09-14T10:00,MTR-002,water,6.78
2026-09-14T11:00,MTR-001,electricity,0.57
2026-09-14T11:00,MTR-002,water,7.81
2026-09-14T12:00,MTR-001,electricity,0.68
2026-09-14T12:00,MTR-002,water,5.97
2026-09-14T13:00,MTR-001,electricity,0.56
2026-09-14T13:00,MTR-002,water,6.11
2026-09-14T14:00,MTR-001,electricity,0.55
2026-09-14T14:00,MTR-002,water,8.04
2026-09-14T15:00,MTR-001,electricity,0.44
2026-09-14T15:00,MTR-002,water,8.88
2026-09-14T16:00,MTR-001,electricity,0.79
2026-09-14T16:00,MTR-002,water,7.03
2026-09-14T17:00,MTR-001,electricity,0.22
2026-09-14T17:00,MTR-002,water,6.54
2026-09-14T18:00,MTR-001,electricity,1.64
2026-09-14T18:00,MTR-002,water,5.21
2026-09-14T19:00,MTR-001,electricity,1.61
2026-09-14T19:00,MTR-002,water,13.34
2026-09-14T20:00,MTR-001,electricity,1.58
2026-09-14T20:00,MTR-002,water,12.08
2026-09-14T21:00,MTR-001,electricity,1.54
2026-09-14T21:00,MTR-002,water,15.14
2026-09-14T22:00,MTR-001,electricity,1.63
2026-09-14T22:00,MTR-002,water,6.00
2026-09-14T23:00,MTR-001,electricity,0.39
2026-09-14T23:00,MTR-002,water,8.15
2026-09-15T00:00,MTR-001,electricity,0.35
2026-09-15T00:00,MTR-002,water,7.58
2026-09-15T01:00,MTR-001,electricity,0.56
2026-09-15T01:00,MTR-002,water,7.90
2026-09-15T02:00,MTR-001,electricity,5.60
2026-09-15T02:00,MTR-002,water,6.34
2026-09-15T03:00,MTR-001,electricity,0.62
2026-09-15T03:00,MTR-002,water,6.05
2026-09-15T04:00,MTR-001,electricity,0.39
2026-09-15T04:00,MTR-002,water,8.44
2026-09-15T05:00,MTR-001,electricity,0.57
2026-09-15T05:00,MTR-002,water,7.00
2026-09-15T06:00,MTR-001,electricity,0.27
2026-09-15T06:00,MTR-002,water,15.67
2026-09-15T07:00,MTR-001,electricity,1.16
2026-09-15T07:00,MTR-002,water,13.89
2026-09-15T08:00,MTR-001,electricity,1.15
2026-09-15T08:00,MTR-002,water,15.30
2026-09-15T09:00,MTR-001,electricity,0.93
2026-09-15T09:00,MTR-002,water,15.43
2026-09-15T10:00,MTR-001,electricity,0.48
2026-09-15T10:00,MTR-002,water,6.30
2026-09-15T11:00,MTR-001,electricity,0.61
2026-09-15T11:00,MTR-002,water,7.73
2026-09-15T12:00,MTR-001,electricity,0.61
2026-09-15T12:00,MTR-002,water,6.20
2026-09-15T13:00,MTR-001,electricity,0.80
2026-09-15T13:00,MTR-002,water,5.18
2026-09-15T14:00,MTR-001,electricity,0.65
2026-09-15T14:00,MTR-002,water,6.24
2026-09-15T15:00,MTR-001,electricity,0.46
2026-09-15T15:00,MTR-002,water,7.25
2026-09-15T16:00,MTR-001,electricity,0.46
2026-09-15T16:00,MTR-002,water,8.36
2026-09-15T17:00,MTR-001,electricity,0.48
2026-09-15T17:00,MTR-002,water,6.62
2026-09-15T18:00,MTR-001,electricity,1.47
2026-09-15T18:00,MTR-002,water,7.87
2026-09-15T19:00,MTR-001,electricity,1.73
2026-09-15T19:00,MTR-002,water,14.74
2026-09-15T20:00,MTR-001,electricity,1.54
2026-09-15T20:00,MTR-002,water,13.03
2026-09-15T21:00,MTR-001,electricity,1.64
2026-09-15T21:00,MTR-002,water,12.89
2026-09-15T22:00,MTR-001,electricity,1.65
2026-09-15T22:00,MTR-002,water,4.94
2026-09-15T23:00,MTR-001,electricity,0.57
2026-09-15T23:00,MTR-002,water,7.78
2026-09-16T00:00,MTR-001,electricity,0.62
2026-09-16T00:00,MTR-002,water,9.70
2026-09-16T01:00,MTR-001,electricity,0.40
2026-09-16T01:00,MTR-002,water,6.96
2026-09-16T02:00,MTR-001,electricity,0.45
2026-09-16T02:00,MTR-002,water,9.33
2026-09-16T03:00,MTR-001,electricity,5.60
2026-09-16T03:00,MTR-002,water,7.58
2026-09-16T04:00,MTR-001,electricity,0.23
2026-09-16T04:00,MTR-002,water,3.90
2026-09-16T05:00,MTR-001,electricity,0.15
2026-09-16T05:00,MTR-002,water,5.34
2026-09-16T06:00,MTR-001,electricity,0.61
2026-09-16T06:00,MTR-002,water,13.96
2026-09-16T07:00,MTR-001,electricity,1.22
2026-09-16T07:00,MTR-002,water,13.60
2026-09-16T08:00,MTR-001,electricity,1.34
2026-09-16T08:00,MTR-002,water,13.68
2026-09-16T09:00,MTR-001,electricity,1.45
2026-09-16T09:00,MTR-002,water,13.81
2026-09-16T10:00,MTR-001,electricity,0.34
2026-09-16T10:00,MTR-002,water,7.15
2026-09-16T11:00,MTR-001,electricity,0.45
2026-09-16T11:00,MTR-002,water,8.71
2026-09-16T12:00,MTR-001,electricity,0.72
2026-09-16T12:00,MTR-002,water,5.55
2026-09-16T13:00,MTR-001,electricity,0.62
2026-09-16T13:00,MTR-002,water,6.31
2026-09-16T14:00,MTR-001,electricity,0.81
2026-09-16T14:00,MTR-002,water,7.46
2026-09-16T15:00,MTR-001,electricity,0.43
2026-09-16T15:00,MTR-002,water,8.04
2026-09-16T16:00,MTR-001,electricity,0.37
2026-09-16T16:00,MTR-002,water,6.84
2026-09-16T17:00,MTR-001,electricity,0.48
2026-09-16T17:00,MTR-002,water,8.83
2026-09-16T18:00,MTR-001,electricity,1.64
2026-09-16T18:00,MTR-002,water,6.58
2026-09-16T19:00,MTR-001,electricity,1.49
2026-09-16T19:00,MTR-002,water,13.82
2026-09-16T20:00,MTR-001,electricity,1.56
2026-09-16T20:00,MTR-002,water,13.41
2026-09-16T21:00,MTR-001,electricity,1.36
2026-09-16T21:00,MTR-002,water,14.25
2026-09-16T22:00,MTR-001,electricity,1.45
2026-09-16T22:00,MTR-002,water,6.07
2026-09-16T23:00,MTR-001,electricity,0.61
2026-09-16T23:00,MTR-002,water,5.40
2026-09-17T00:00,MTR-001,electricity,0.44
2026-09-17T00:00,MTR-002,water,7.09
2026-09-17T01:00,MTR-001,electricity,0.30
2026-09-17T01:00,MTR-002,water,30.00
2026-09-17T02:00,MTR-001,electricity,0.67
2026-09-17T02:00,MTR-002,water,30.00
2026-09-17T03:00,MTR-001,electricity,0.23
2026-09-17T03:00,MTR-002,water,30.00
2026-09-17T04:00,MTR-001,electricity,0.25
2026-09-17T04:00,MTR-002,water,6.53
2026-09-17T05:00,MTR-001,electricity,0.47
2026-09-17T05:00,MTR-002,water,7.83
2026-09-17T06:00,MTR-001,electricity,0.42
2026-09-17T06:00,MTR-002,water,15.11
2026-09-17T07:00,MTR-001,electricity,1.13
2026-09-17T07:00,MTR-002,water,16.55
2026-09-17T08:00,MTR-001,electricity,1.18
2026-09-17T08:00,MTR-002,water,15.41
2026-09-17T09:00,MTR-001,electricity,1.17
2026-09-17T09:00,MTR-002,water,15.13
2026-09-17T10:00,MTR-001,electricity,0.42
2026-09-17T10:00,MTR-002,water,6.81
2026-09-17T11:00,MTR-001,electricity,0.30
2026-09-17T11:00,MTR-002,water,7.96
2026-09-17T12:00,MTR-001,electricity,0.91
2026-09-17T12:00,MTR-002,water,7.29
2026-09-17T13:00,MTR-001,electricity,0.81
2026-09-17T13:00,MTR-002,water,8.01
2026-09-17T14:00,MTR-001,electricity,0.84
2026-09-17T14:00,MTR-002,water,7.36
2026-09-17T15:00,MTR-001,electricity,0.48
2026-09-17T15:00,MTR-002,water,8.04
2026-09-17T16:00,MTR-001,electricity,0.46
2026-09-17T16:00,MTR-002,water,5.83
2026-09-17T17:00,MTR-001,electricity,0.45
2026-09-17T17:00,MTR-002,water,4.73
2026-09-17T18:00,MTR-001,electricity,1.65
2026-09-17T18:00,MTR-002,water,7.50
2026-09-17T19:00,MTR-001,electricity,1.84
2026-09-17T19:00,MTR-002,water,13.18
2026-09-17T20:00,MTR-001,electricity,1.79
2026-09-17T20:00,MTR-002,water,13.00
2026-09-17T21:00,MTR-001,electricity,1.50
2026-09-17T21:00,MTR-002,water,11.31
2026-09-17T22:00,MTR-001,electricity,1.50
2026-09-17T22:00,MTR-002,water,5.36
2026-09-17T23:00,MTR-001,electricity,0.55
2026-09-17T23:00,MTR-002,water,6.75
2026-09-18T00:00,MTR-001,electricity,0.54
2026-09-18T00:00,MTR-002,water,7.09
2026-09-18T01:00,MTR-001,electricity,0.61
2026-09-18T01:00,MTR-002,water,8.27
2026-09-18T02:00,MTR-001,electricity,0.35
2026-09-18T02:00,MTR-002,water,6.67
2026-09-18T03:00,MTR-001,electricity,0.37
2026-09-18T03:00,MTR-002,water,5.05
2026-09-18T04:00,MTR-001,electricity,0.55
2026-09-18T04:00,MTR-002,water,30.00
2026-09-18T05:00,MTR-001,electricity,0.45
2026-09-18T05:00,MTR-002,water,6.41
2026-09-18T06:00,MTR-001,electricity,0.61
2026-09-18T06:00,MTR-002,water,12.19
2026-09-18T07:00,MTR-001,electricity,1.28
2026-09-18T07:00,MTR-002,water,15.17
2026-09-18T08:00,MTR-001,electricity,1.16
2026-09-18T08:00,MTR-002,water,16.67
2026-09-18T09:00,MTR-001,electricity,1.40
2026-09-18T09:00,MTR-002,water,14.69
2026-09-18T10:00,MTR-001,electricity,0.44
2026-09-18T10:00,MTR-002,water,6.53
2026-09-18T11:00,MTR-001,electricity,0.37
2026-09-18T11:00,MTR-002,water,5.43
2026-09-18T12:00,MTR-001,electricity,0.91
2026-09-18T12:00,MTR-002,water,8.23
2026-09-18T13:00,MTR-001,electricity,0.82
2026-09-18T13:00,MTR-002,water,5.69
2026-09-18T14:00,MTR-001,electricity,1.01
2026-09-18T14:00,MTR-002,water,9.38
2026-09-18T15:00,MTR-001,electricity,0.48
2026-09-18T15:00,MTR-002,water,5.91
2026-09-18T16:00,MTR-001,electricity,0.32
2026-09-18T16:00,MTR-002,water,7.50
2026-09-18T17:00,MTR-001,electricity,0.31
2026-09-18T17:00,MTR-002,water,6.96
2026-09-18T18:00,MTR-001,electricity,1.81
2026-09-18T18:00,MTR-002,water,5.19
2026-09-18T19:00,MTR-001,electricity,1.95
2026-09-18T19:00,MTR-002,water,14.88
2026-09-18T20:00,MTR-001,electricity,1.46
2026-09-18T20:00,MTR-002,water,11.30
2026-09-18T21:00,MTR-001,electricity,1.61
2026-09-18T21:00,MTR-002,water,11.76
2026-09-18T22:00,MTR-001,electricity,1.61
2026-09-18T22:00,MTR-002,water,3.90
2026-09-18T23:00,MTR-001,electricity,0.42
2026-09-18T23:00,MTR-002,water,9.16
2026-09-19T00:00,MTR-001,electricity,0.28
2026-09-19T00:00,MTR-002,water,6.67
2026-09-19T01:00,MTR-001,electricity,0.23
2026-09-19T01:00,MTR-002,water,7.77
2026-09-19T02:00,MTR-001,electricity,0.42
2026-09-19T02:00,MTR-002,water,9.33
2026-09-19T03:00,MTR-001,electricity,0.48
2026-09-19T03:00,MTR-002,water,6.55
2026-09-19T04:00,MTR-001,electricity,0.53
2026-09-19T04:00,MTR-002,water,6.39
2026-09-19T05:00,MTR-001,electricity,0.25
2026-09-19T05:00,MTR-002,water,7.36
2026-09-19T06:00,MTR-001,electricity,0.42
2026-09-19T06:00,MTR-002,water,15.20
2026-09-19T07:00,MTR-001,electricity,1.31
2026-09-19T07:00,MTR-002,water,14.39
2026-09-19T08:00,MTR-001,electricity,1.31
2026-09-19T08:00,MTR-002,water,17.09
2026-09-19T09:00,MTR-001,electricity,1.08
2026-09-19T09:00,MTR-002,water,17.08
2026-09-19T10:00,MTR-001,electricity,0.41
2026-09-19T10:00,MTR-002,water,6.08
2026-09-19T11:00,MTR-001,electricity,0.81
2026-09-19T11:00,MTR-002,water,7.19
2026-09-19T12:00,MTR-001,electricity,0.91
2026-09-19T12:00,MTR-002,water,7.98
2026-09-19T13:00,MTR-001,electricity,0.45
2026-09-19T13:00,MTR-002,water,7.14
2026-09-19T14:00,MTR-001,electricity,0.62
2026-09-19T14:00,MTR-002,water,5.39
2026-09-19T15:00,MTR-001,electricity,0.18
2026-09-19T15:00,MTR-002,water,7.12
2026-09-19T16:00,MTR-001,electricity,0.54
2026-09-19T16:00,MTR-002,water,7.47
2026-09-19T17:00,MTR-001,electricity,0.40
2026-09-19T17:00,MTR-002,water,6.04
2026-09-19T18:00,MTR-001,electricity,1.50
2026-09-19T18:00,MTR-002,water,6.33
2026-09-19T19:00,MTR-001,electricity,1.50
2026-09-19T19:00,MTR-002,water,12.76
2026-09-19T20:00,MTR-001,electricity,1.65
2026-09-19T20:00,MTR-002,water,11.92
2026-09-19T21:00,MTR-001,electricity,1.62
2026-09-19T21:00,MTR-002,water,12.09
2026-09-19T22:00,MTR-001,electricity,1.65
2026-09-19T22:00,MTR-002,water,7.61
2026-09-19T23:00,MTR-001,electricity,0.48
2026-09-19T23:00,MTR-002,water,7.57
2026-09-20T00:00,MTR-001,electricity,0.20
2026-09-20T00:00,MTR-002,water,6.55
2026-09-20T01:00,MTR-001,electricity,0.49
2026-09-20T01:00,MTR-002,water,7.77
2026-09-20T02:00,MTR-001,electricity,0.21
2026-09-20T02:00,MTR-002,water,7.19
2026-09-20T03:00,MTR-001,electricity,0.63
2026-09-20T03:00,MTR-002,water,6.79
2026-09-20T04:00,MTR-001,electricity,0.44
2026-09-20T04:00,MTR-002,water,7.54
2026-09-20T05:00,MTR-001,electricity,0.49
2026-09-20T05:00,MTR-002,water,7.81
2026-09-20T06:00,MTR-001,electricity,0.46
2026-09-20T06:00,MTR-002,water,15.18
2026-09-20T07:00,MTR-001,electricity,1.13
2026-09-20T07:00,MTR-002,water,14.80
2026-09-20T08:00,MTR-001,electricity,1.44
2026-09-20T08:00,MTR-002,water,14.75
2026-09-20T09:00,MTR-001,electricity,1.22
2026-09-20T09:00,MTR-002,water,14.41
2026-09-20T10:00,MTR-001,electricity,0.57
2026-09-20T10:00,MTR-002,water,5.97
2026-09-20T11:00,MTR-001,electricity,0.59
2026-09-20T11:00,MTR-002,water,5.88
2026-09-20T12:00,MTR-001,electricity,0.54
2026-09-20T12:00,MTR-002,water,7.25
2026-09-20T13:00,MTR-001,electricity,0.72
2026-09-20T13:00,MTR-002,water,7.36
2026-09-20T14:00,MTR-001,electricity,0.86
2026-09-20T14:00,MTR-002,water,6.51
2026-09-20T15:00,MTR-001,electricity,0.52
2026-09-20T15:00,MTR-002,water,5.91
2026-09-20T16:00,MTR-001,electricity,0.64
2026-09-20T16:00,MTR-002,water,7.76
2026-09-20T17:00,MTR-001,electricity,0.53
2026-09-20T17:00,MTR-002,water,7.23
2026-09-20T18:00,MTR-001,electricity,1.53
2026-09-20T18:00,MTR-002,water,6.61
2026-09-20T19:00,MTR-001,electricity,1.73
2026-09-20T19:00,MTR-002,water,12.98
2026-09-20T20:00,MTR-001,electricity,1.67
2026-09-20T20:00,MTR-002,water,11.37
2026-09-20T21:00,MTR-001,electricity,1.68
2026-09-20T21:00,MTR-002,water,12.17
2026-09-20T22:00,MTR-001,electricity,1.49
2026-09-20T22:00,MTR-002,water,6.81
2026-09-20T23:00,MTR-001,electricity,0.17
2026-09-20T23:00,MTR-002,water,7.84
2026-09-21T00:00,MTR-001,electricity,0.48
2026-09-21T00:00,MTR-002,water,8.22
2026-09-21T01:00,MTR-001,electricity,0.39
2026-09-21T01:00,MTR-002,water,7.45
2026-09-21T02:00,MTR-001,electricity,0.46
2026-09-21T02:00,MTR-002,water,5.93
2026-09-21T03:00,MTR-001,electricity,0.55
2026-09-21T03:00,MTR-002,water,7.22
2026-09-21T04:00,MTR-001,electricity,0.38
2026-09-21T04:00,MTR-002,water,8.15
2026-09-21T05:00,MTR-001,electricity,0.53
2026-09-21T05:00,MTR-002,water,7.21
2026-09-21T06:00,MTR-001,electricity,0.48
2026-09-21T06:00,MTR-002,water,15.23
2026-09-21T07:00,MTR-001,electricity,1.31
2026-09-21T07:00,MTR-002,water,15.13
2026-09-21T08:00,MTR-001,electricity,1.28
2026-09-21T08:00,MTR-002,water,16.23
2026-09-21T09:00,MTR-001,electricity,1.33
2026-09-21T09:00,MTR-002,water,15.69
2026-09-21T10:00,MTR-001,electricity,0.55
2026-09-21T10:00,MTR-002,water,6.23
2026-09-21T11:00,MTR-001,electricity,0.47
2026-09-21T11:00,MTR-002,water,7.78
2026-09-21T12:00,MTR-001,electricity,0.79
2026-09-21T12:00,MTR-002,water,6.23
2026-09-21T13:00,MTR-001,electricity,0.65
2026-09-21T13:00,MTR-002,water,6.87
2026-09-21T14:00,MTR-001,electricity,0.70
2026-09-21T14:00,MTR-002,water,6.52
2026-09-21T15:00,MTR-001,electricity,0.48
2026-09-21T15:00,MTR-002,water,7.47
2026-09-21T16:00,MTR-001,electricity,0.43
2026-09-21T16:00,MTR-002,water,6.31
2026-09-21T17:00,MTR-001,electricity,0.28
2026-09-21T17:00,MTR-002,water,7.07
2026-09-21T18:00,MTR-001,electricity,1.63
2026-09-21T18:00,MTR-002,water,5.62
2026-09-21T19:00,MTR-001,electricity,1.71
2026-09-21T19:00,MTR-002,water,12.94
2026-09-21T20:00,MTR-001,electricity,1.57
2026-09-21T20:00,MTR-002,water,12.55
2026-09-21T21:00,MTR-001,electricity,1.58
2026-09-21T21:00,MTR-002,water,14.09
2026-09-21T22:00,MTR-001,electricity,1.61
2026-09-21T22:00,MTR-002,water,6.69
2026-09-21T23:00,MTR-001,electricity,0.46
2026-09-21T23:00,MTR-002,water,7.67
2026-09-22T00:00,MTR-001,electricity,0.36
2026-09-22T00:00,MTR-002,water,6.74
2026-09-22T01:00,MTR-001,electricity,0.49
2026-09-22T01:00,MTR-002,water,7.60
2026-09-22T02:00,MTR-001,electricity,3.14
2026-09-22T02:00,MTR-002,water,7.84
2026-09-22T03:00,MTR-001,electricity,0.50
2026-09-22T03:00,MTR-002,water,6.03
2026-09-22T04:00,MTR-001,electricity,0.48
2026-09-22T04:00,MTR-002,water,8.54
2026-09-22T05:00,MTR-001,electricity,0.59
2026-09-22T05:00,MTR-002,water,7.90
2026-09-22T06:00,MTR-001,electricity,0.47
2026-09-22T06:00,MTR-002,water,15.14
2026-09-22T07:00,MTR-001,electricity,1.16
2026-09-22T07:00,MTR-002,water,13.78
2026-09-22T08:00,MTR-001,electricity,1.21
2026-09-22T08:00,MTR-002,water,14.96
2026-09-22T09:00,MTR-001,electricity,1.16
2026-09-22T09:00,MTR-002,water,15.76
2026-09-22T10:00,MTR-001,electricity,0.43
2026-09-22T10:00,MTR-002,water,7.31
2026-09-22T11:00,MTR-001,electricity,0.59
2026-09-22T11:00,MTR-002,water,8.46
2026-09-22T12:00,MTR-001,electricity,0.66
2026-09-22T12:00,MTR-002,water,6.50
2026-09-22T13:00,MTR-001,electricity,0.70
2026-09-22T13:00,MTR-002,water,5.42
2026-09-22T14:00,MTR-001,electricity,0.72
2026-09-22T14:00,MTR-002,water,6.20
2026-09-22T15:00,MTR-001,electricity,0.48
2026-09-22T15:00,MTR-002,water,7.71
2026-09-22T16:00,MTR-001,electricity,0.39
2026-09-22T16:00,MTR-002,water,7.72
2026-09-22T17:00,MTR-001,electricity,0.31
2026-09-22T17:00,MTR-002,water,6.24
2026-09-22T18:00,MTR-001,electricity,1.56
2026-09-22T18:00,MTR-002,water,7.81
2026-09-22T19:00,MTR-001,electricity,1.71
2026-09-22T19:00,MTR-002,water,13.46
2026-09-22T20:00,MTR-001,electricity,1.71
2026-09-22T20:00,MTR-002,water,13.96
2026-09-22T21:00,MTR-001,electricity,1.68
2026-09-22T21:00,MTR-002,water,14.13
2026-09-22T22:00,MTR-001,electricity,1.59
2026-09-22T22:00,MTR-002,water,5.12
2026-09-22T23:00,MTR-001,electricity,0.60
2026-09-22T23:00,MTR-002,water,7.62
2026-09-23T00:00,MTR-001,electricity,0.61
2026-09-23T00:00,MTR-002,water,7.99
2026-09-23T01:00,MTR-001,electricity,0.56
2026-09-23T01:00,MTR-002,water,6.94
2026-09-23T02:00,MTR-001,electricity,0.55
2026-09-23T02:00,MTR-002,water,7.90
2026-09-23T03:00,MTR-001,electricity,3.14
2026-09-23T03:00,MTR-002,water,6.48
2026-09-23T04:00,MTR-001,electricity,0.32
2026-09-23T04:00,MTR-002,water,6.19
2026-09-23T05:00,MTR-001,electricity,0.38
2026-09-23T05:00,MTR-002,water,6.97
2026-09-23T06:00,MTR-001,electricity,0.35
2026-09-23T06:00,MTR-002,water,14.09
2026-09-23T07:00,MTR-001,electricity,1.21
2026-09-23T07:00,MTR-002,water,13.97
2026-09-23T08:00,MTR-001,electricity,1.22
2026-09-23T08:00,MTR-002,water,14.68
2026-09-23T09:00,MTR-001,electricity,1.51
2026-09-23T09:00,MTR-002,water,14.15
2026-09-23T10:00,MTR-001,electricity,0.35
2026-09-23T10:00,MTR-002,water,8.19
2026-09-23T11:00,MTR-001,electricity,0.43
2026-09-23T11:00,MTR-002,water,7.83
2026-09-23T12:00,MTR-001,electricity,0.74
2026-09-23T12:00,MTR-002,water,5.51
2026-09-23T13:00,MTR-001,electricity,0.67
2026-09-23T13:00,MTR-002,water,6.18
2026-09-23T14:00,MTR-001,electricity,0.87
2026-09-23T14:00,MTR-002,water,7.11
2026-09-23T15:00,MTR-001,electricity,0.58
2026-09-23T15:00,MTR-002,water,7.97
2026-09-23T16:00,MTR-001,electricity,0.52
2026-09-23T16:00,MTR-002,water,6.47
2026-09-23T17:00,MTR-001,electricity,0.45
2026-09-23T17:00,MTR-002,water,8.42
2026-09-23T18:00,MTR-001,electricity,1.67
2026-09-23T18:00,MTR-002,water,5.75
2026-09-23T19:00,MTR-001,electricity,1.70
2026-09-23T19:00,MTR-002,water,13.04
2026-09-23T20:00,MTR-001,electricity,1.66
2026-09-23T20:00,MTR-002,water,14.43
2026-09-23T21:00,MTR-001,electricity,1.58
2026-09-23T21:00,MTR-002,water,12.87
2026-09-23T22:00,MTR-001,electricity,1.43
2026-09-23T22:00,MTR-002,water,6.57
2026-09-23T23:00,MTR-001,electricity,0.53
2026-09-23T23:00,MTR-002,water,7.72
2026-09-24T00:00,MTR-001,electricity,0.41
2026-09-24T00:00,MTR-002,water,7.62
2026-09-24T01:00,MTR-001,electricity,0.25
2026-09-24T01:00,MTR-002,water,19.07
2026-09-24T02:00,MTR-001,electricity,0.56
2026-09-24T02:00,MTR-002,water,19.95
2026-09-24T03:00,MTR-001,electricity,0.43
2026-09-24T03:00,MTR-002,water,17.58
2026-09-24T04:00,MTR-001,electricity,0.27
2026-09-24T04:00,MTR-002,water,7.16
2026-09-24T05:00,MTR-001,electricity,0.48
2026-09-24T05:00,MTR-002,water,7.65
2026-09-24T06:00,MTR-001,electricity,0.40
2026-09-24T06:00,MTR-002,water,15.18
2026-09-24T07:00,MTR-001,electricity,1.18
2026-09-24T07:00,MTR-002,water,16.31
2026-09-24T08:00,MTR-001,electricity,1.36
2026-09-24T08:00,MTR-002,water,15.84
2026-09-24T09:00,MTR-001,electricity,1.18
2026-09-24T09:00,MTR-002,water,16.13
2026-09-24T10:00,MTR-001,electricity,0.43
2026-09-24T10:00,MTR-002,water,6.38
2026-09-24T11:00,MTR-001,electricity,0.38
2026-09-24T11:00,MTR-002,water,8.40
2026-09-24T12:00,MTR-001,electricity,0.83
2026-09-24T12:00,MTR-002,water,7.73
2026-09-24T13:00,MTR-001,electricity,0.80
2026-09-24T13:00,MTR-002,water,7.51
2026-09-24T14:00,MTR-001,electricity,0.64
2026-09-24T14:00,MTR-002,water,7.47
2026-09-24T15:00,MTR-001,electricity,0.48
2026-09-24T15:00,MTR-002,water,6.86
2026-09-24T16:00,MTR-001,electricity,0.50
2026-09-24T16:00,MTR-002,water,6.92
2026-09-24T17:00,MTR-001,electricity,0.37
2026-09-24T17:00,MTR-002,water,6.09
2026-09-24T18:00,MTR-001,electricity,1.61
2026-09-24T18:00,MTR-002,water,6.27
2026-09-24T19:00,MTR-001,electricity,1.75
2026-09-24T19:00,MTR-002,water,13.71
2026-09-24T20:00,MTR-001,electricity,1.67
2026-09-24T20:00,MTR-002,water,13.34
2026-09-24T21:00,MTR-001,electricity,1.55
2026-09-24T21:00,MTR-002,water,12.36
2026-09-24T22:00,MTR-001,electricity,1.58
2026-09-24T22:00,MTR-002,water,6.73
2026-09-24T23:00,MTR-001,electricity,0.45
2026-09-24T23:00,MTR-002,water,6.93
2026-09-25T00:00,MTR-001,electricity,0.49
2026-09-25T00:00,MTR-002,water,7.88
2026-09-25T01:00,MTR-001,electricity,0.41
2026-09-25T01:00,MTR-002,water,7.98
2026-09-25T02:00,MTR-001,electricity,0.35
2026-09-25T02:00,MTR-002,water,6.94
2026-09-25T03:00,MTR-001,electricity,0.55
2026-09-25T03:00,MTR-002,water,6.21
2026-09-25T04:00,MTR-001,electricity,0.70
2026-09-25T04:00,MTR-002,water,18.30
2026-09-25T05:00,MTR-001,electricity,0.49
2026-09-25T05:00,MTR-002,water,6.07
2026-09-25T06:00,MTR-001,electricity,0.48
2026-09-25T06:00,MTR-002,water,13.74
2026-09-25T07:00,MTR-001,electricity,1.28
2026-09-25T07:00,MTR-002,water,14.81
2026-09-25T08:00,MTR-001,electricity,1.08
2026-09-25T08:00,MTR-002,water,16.60
2026-09-25T09:00,MTR-001,electricity,1.35
2026-09-25T09:00,MTR-002,water,16.48
2026-09-25T10:00,MTR-001,electricity,0.35
2026-09-25T10:00,MTR-002,water,7.23
2026-09-25T11:00,MTR-001,electricity,0.67
2026-09-25T11:00,MTR-002,water,5.88
2026-09-25T12:00,MTR-001,electricity,0.71
2026-09-25T12:00,MTR-002,water,7.56
2026-09-25T13:00,MTR-001,electricity,0.79
2026-09-25T13:00,MTR-002,water,6.35
2026-09-25T14:00,MTR-001,electricity,1.00
2026-09-25T14:00,MTR-002,water,8.07
2026-09-25T15:00,MTR-001,electricity,0.35
2026-09-25T15:00,MTR-002,water,6.07
2026-09-25T16:00,MTR-001,electricity,0.47
2026-09-25T16:00,MTR-002,water,7.17
2026-09-25T17:00,MTR-001,electricity,0.24
2026-09-25T17:00,MTR-002,water,6.92
2026-09-25T18:00,MTR-001,electricity,1.77
2026-09-25T18:00,MTR-002,water,7.41
2026-09-25T19:00,MTR-001,electricity,1.85
2026-09-25T19:00,MTR-002,water,13.76
2026-09-25T20:00,MTR-001,electricity,1.43
2026-09-25T20:00,MTR-002,water,11.95
2026-09-25T21:00,MTR-001,electricity,1.59
2026-09-25T21:00,MTR-002,water,11.98
2026-09-25T22:00,MTR-001,electricity,1.69
2026-09-25T22:00,MTR-002,water,5.21
2026-09-25T23:00,MTR-001,electricity,0.34
2026-09-25T23:00,MTR-002,water,7.89
2026-09-26T00:00,MTR-001,electricity,0.27
2026-09-26T00:00,MTR-002,water,7.52
2026-09-26T01:00,MTR-001,electricity,0.16
2026-09-26T01:00,MTR-002,water,7.01
2026-09-26T02:00,MTR-001,electricity,0.44
2026-09-26T02:00,MTR-002,water,9.01
2026-09-26T03:00,MTR-001,electricity,0.48
2026-09-26T03:00,MTR-002,water,7.21
2026-09-26T04:00,MTR-001,electricity,0.46
2026-09-26T04:00,MTR-002,water,6.10
2026-09-26T05:00,MTR-001,electricity,0.28
2026-09-26T05:00,MTR-002,water,7.81
2026-09-26T06:00,MTR-001,electricity,0.48
2026-09-26T06:00,MTR-002,water,14.40
2026-09-26T07:00,MTR-001,electricity,1.56
2026-09-26T07:00,MTR-002,water,14.38
2026-09-26T08:00,MTR-001,electricity,1.26
2026-09-26T08:00,MTR-002,water,15.85
2026-09-26T09:00,MTR-001,electricity,1.11
2026-09-26T09:00,MTR-002,water,17.31
2026-09-26T10:00,MTR-001,electricity,0.55
2026-09-26T10:00,MTR-002,water,5.92
2026-09-26T11:00,MTR-001,electricity,0.57
2026-09-26T11:00,MTR-002,water,7.33
2026-09-26T12:00,MTR-001,electricity,0.87
2026-09-26T12:00,MTR-002,water,6.70
2026-09-26T13:00,MTR-001,electricity,0.40
2026-09-26T13:00,MTR-002,water,5.56
2026-09-26T14:00,MTR-001,electricity,0.66
2026-09-26T14:00,MTR-002,water,6.24
2026-09-26T15:00,MTR-001,electricity,0.34
2026-09-26T15:00,MTR-002,water,6.36
2026-09-26T16:00,MTR-001,electricity,0.40
2026-09-26T16:00,MTR-002,water,6.12
2026-09-26T17:00,MTR-001,electricity,0.43
2026-09-26T17:00,MTR-002,water,6.99
2026-09-26T18:00,MTR-001,electricity,1.59
2026-09-26T18:00,MTR-002,water,7.23
2026-09-26T19:00,MTR-001,electricity,1.63
2026-09-26T19:00,MTR-002,water,14.07
2026-09-26T20:00,MTR-001,electricity,1.64
2026-09-26T20:00,MTR-002,water,12.25
2026-09-26T21:00,MTR-001,electricity,1.66
2026-09-26T21:00,MTR-002,water,12.00
2026-09-26T22:00,MTR-001,electricity,1.52
2026-09-26T22:00,MTR-002,water,7.53
2026-09-26T23:00,MTR-001,electricity,0.49
2026-09-26T23:00,MTR-002,water,7.23
2026-09-27T00:00,MTR-001,electricity,0.25
2026-09-27T00:00,MTR-002,water,6.96
2026-09-27T01:00,MTR-001,electricity,0.60
2026-09-27T01:00,MTR-002,water,7.48
2026-09-27T02:00,MTR-001,electricity,0.27
2026-09-27T02:00,MTR-002,water,6.42
2026-09-27T03:00,MTR-001,electricity,0.53
2026-09-27T03:00,MTR-002,water,6.22
2026-09-27T04:00,MTR-001,electricity,0.41
2026-09-27T04:00,MTR-002,water,7.64
2026-09-27T05:00,MTR-001,electricity,0.64
2026-09-27T05:00,MTR-002,water,7.89
2026-09-27T06:00,MTR-001,electricity,0.55
2026-09-27T06:00,MTR-002,water,14.64
2026-09-27T07:00,MTR-001,electricity,1.26
2026-09-27T07:00,MTR-002,water,14.23
2026-09-27T08:00,MTR-001,electricity,1.38
2026-09-27T08:00,MTR-002,water,14.59
2026-09-27T09:00,MTR-001,electricity,1.12
2026-09-27T09:00,MTR-002,water,16.06
2026-09-27T10:00,MTR-001,electricity,0.58
2026-09-27T10:00,MTR-002,water,5.46
2026-09-27T11:00,MTR-001,electricity,0.54
2026-09-27T11:00,MTR-002,water,6.41
2026-09-27T12:00,MTR-001,electricity,0.63
2026-09-27T12:00,MTR-002,water,7.19
2026-09-27T13:00,MTR-001,electricity,0.77
2026-09-27T13:00,MTR-002,water,6.08
2026-09-27T14:00,MTR-001,electricity,0.70
2026-09-27T14:00,MTR-002,water,6.79
2026-09-27T15:00,MTR-001,electricity,0.59
2026-09-27T15:00,MTR-002,water,7.44
2026-09-27T16:00,MTR-001,electricity,0.67
2026-09-27T16:00,MTR-002,water,6.30
2026-09-27T17:00,MTR-001,electricity,0.51
2026-09-27T17:00,MTR-002,water,5.90
2026-09-27T18:00,MTR-001,electricity,1.74
2026-09-27T18:00,MTR-002,water,7.19
2026-09-27T19:00,MTR-001,electricity,1.61
2026-09-27T19:00,MTR-002,water,14.78
2026-09-27T20:00,MTR-001,electricity,1.75
2026-09-27T20:00,MTR-002,water,10.37
2026-09-27T21:00,MTR-001,electricity,1.67
2026-09-27T21:00,MTR-002,water,12.06
2026-09-27T22:00,MTR-001,electricity,1.61
2026-09-27T22:00,MTR-002,water,6.45
2026-09-27T23:00,MTR-001,electricity,0.40
2026-09-27T23:00,MTR-002,water,6.12
2026-09-28T00:00,MTR-001,electricity,0.48
2026-09-28T00:00,MTR-002,water,7.74
2026-09-28T01:00,MTR-001,electricity,0.36
2026-09-28T01:00,MTR-002,water,7.20
2026-09-28T02:00,MTR-001,electricity,0.46
2026-09-28T02:00,MTR-002,water,5.57
2026-09-28T03:00,MTR-001,electricity,0.55
2026-09-28T03:00,MTR-002,water,7.13
2026-09-28T04:00,MTR-001,electricity,0.35
2026-09-28T04:00,MTR-002,water,26.30
2026-09-28T05:00,MTR-001,electricity,0.54
2026-09-28T05:00,MTR-002,water,7.25
2026-09-28T06:00,MTR-001,electricity,0.46
2026-09-28T06:00,MTR-002,water,14.87
2026-09-28T07:00,MTR-001,electricity,1.33
2026-09-28T07:00,MTR-002,water,13.47
2026-09-28T08:00,MTR-001,electricity,1.34
2026-09-28T08:00,MTR-002,water,15.03
2026-09-28T09:00,MTR-001,electricity,1.30
2026-09-28T09:00,MTR-002,water,15.03
2026-09-28T10:00,MTR-001,electricity,0.53
2026-09-28T10:00,MTR-002,water,5.70
2026-09-28T11:00,MTR-001,electricity,0.47
2026-09-28T11:00,MTR-002,water,7.53
2026-09-28T12:00,MTR-001,electricity,0.73
2026-09-28T12:00,MTR-002,water,6.32
2026-09-28T13:00,MTR-001,electricity,0.62
2026-09-28T13:00,MTR-002,water,6.24
2026-09-28T14:00,MTR-001,electricity,0.70
2026-09-28T14:00,MTR-002,water,6.50
2026-09-28T15:00,MTR-001,electricity,0.51
2026-09-28T15:00,MTR-002,water,6.62
2026-09-28T16:00,MTR-001,electricity,0.42
2026-09-28T16:00,MTR-002,water,6.47
2026-09-28T17:00,MTR-001,electricity,0.25
2026-09-28T17:00,MTR-002,water,6.89
2026-09-28T18:00,MTR-001,electricity,1.73
2026-09-28T18:00,MTR-002,water,5.41
2026-09-28T19:00,MTR-001,electricity,1.73
2026-09-28T19:00,MTR-002,water,12.16
2026-09-28T20:00,MTR-001,electricity,1.56
2026-09-28T20:00,MTR-002,water,12.73
2026-09-28T21:00,MTR-001,electricity,1.53
2026-09-28T21:00,MTR-002,water,15.07
2026-09-28T22:00,MTR-001,electricity,1.61
2026-09-28T22:00,MTR-002,water,6.89
2026-09-28T23:00,MTR-001,electricity,0.47
2026-09-28T23:00,MTR-002,water,7.83
2026-09-29T00:00,MTR-001,electricity,0.36
2026-09-29T00:00,MTR-002,water,6.36
2026-09-29T01:00,MTR-001,electricity,0.44
2026-09-29T01:00,MTR-002,water,7.33
2026-09-29T02:00,MTR-001,electricity,2.79
2026-09-29T02:00,MTR-002,water,8.08
2026-09-29T03:00,MTR-001,electricity,0.48
2026-09-29T03:00,MTR-002,water,5.82
2026-09-29T04:00,MTR-001,electricity,0.48
2026-09-29T04:00,MTR-002,water,7.94
2026-09-29T05:00,MTR-001,electricity,0.51
2026-09-29T05:00,MTR-002,water,7.35
2026-09-29T06:00,MTR-001,electricity,0.47
2026-09-29T06:00,MTR-002,water,15.14
2026-09-29T07:00,MTR-001,electricity,1.14
2026-09-29T07:00,MTR-002,water,13.26
2026-09-29T08:00,MTR-001,electricity,1.18
2026-09-29T08:00,MTR-002,water,14.85
2026-09-29T09:00,MTR-001,electricity,1.14
2026-09-29T09:00,MTR-002,water,15.34
2026-09-29T10:00,MTR-001,electricity,0.43
2026-09-29T10:00,MTR-002,water,6.56
2026-09-29T11:00,MTR-001,electricity,0.60
2026-09-29T11:00,MTR-002,water,8.76
2026-09-29T12:00,MTR-001,electricity,0.72
2026-09-29T12:00,MTR-002,water,6.47
2026-09-29T13:00,MTR-001,electricity,0.73
2026-09-29T13:00,MTR-002,water,5.45
2026-09-29T14:00,MTR-001,electricity,0.75
2026-09-29T14:00,MTR-002,water,6.10
2026-09-29T15:00,MTR-001,electricity,0.44
2026-09-29T15:00,MTR-002,water,7.85
2026-09-29T16:00,MTR-001,electricity,0.41
2026-09-29T16:00,MTR-002,water,7.63
2026-09-29T17:00,MTR-001,electricity,0.31
2026-09-29T17:00,MTR-002,water,6.09
2026-09-29T18:00,MTR-001,electricity,1.51
2026-09-29T18:00,MTR-002,water,7.93
2026-09-29T19:00,MTR-001,electricity,1.68
2026-09-29T19:00,MTR-002,water,14.21
2026-09-29T20:00,MTR-001,electricity,1.62
2026-09-29T20:00,MTR-002,water,12.79
2026-09-29T21:00,MTR-001,electricity,1.66
2026-09-29T21:00,MTR-002,water,13.56
2026-09-29T22:00,MTR-001,electricity,1.61
2026-09-29T22:00,MTR-002,water,5.44
2026-09-29T23:00,MTR-001,electricity,0.57
2026-09-29T23:00,MTR-002,water,7.69
2026-09-30T00:00,MTR-001,electricity,0.60
2026-09-30T00:00,MTR-002,water,8.26
2026-09-30T01:00,MTR-001,electricity,0.58
2026-09-30T01:00,MTR-002,water,6.43
2026-09-30T02:00,MTR-001,electricity,0.55
2026-09-30T02:00,MTR-002,water,7.88
2026-09-30T03:00,MTR-001,electricity,2.78
2026-09-30T03:00,MTR-002,water,6.68
2026-09-30T04:00,MTR-001,electricity,0.32
2026-09-30T04:00,MTR-002,water,6.12
2026-09-30T05:00,MTR-001,electricity,0.35
2026-09-30T05:00,MTR-002,water,6.81
2026-09-30T06:00,MTR-001,electricity,0.33
2026-09-30T06:00,MTR-002,water,14.45
2026-09-30T07:00,MTR-001,electricity,1.31
2026-09-30T07:00,MTR-002,water,13.83
2026-09-30T08:00,MTR-001,electricity,1.29
2026-09-30T08:00,MTR-002,water,13.84
2026-09-30T09:00,MTR-001,electricity,1.48
2026-09-30T09:00,MTR-002,water,13.50
2026-09-30T10:00,MTR-001,electricity,0.38
2026-09-30T10:00,MTR-002,water,7.84
2026-09-30T11:00,MTR-001,electricity,0.39
2026-09-30T11:00,MTR-002,water,7.09
2026-09-30T12:00,MTR-001,electricity,0.72
2026-09-30T12:00,MTR-002,water,5.23
2026-09-30T13:00,MTR-001,electricity,0.66
2026-09-30T13:00,MTR-002,water,5.52
2026-09-30T14:00,MTR-001,electricity,0.77
2026-09-30T14:00,MTR-002,water,6.72
2026-09-30T15:00,MTR-001,electricity,0.62
2026-09-30T15:00,MTR-002,water,7.97
2026-09-30T16:00,MTR-001,electricity,0.52
2026-09-30T16:00,MTR-002,water,6.18
2026-09-30T17:00,MTR-001,electricity,0.44
2026-09-30T17:00,MTR-002,water,7.57
2026-09-30T18:00,MTR-001,electricity,1.81
2026-09-30T18:00,MTR-002,water,5.37
2026-09-30T19:00,MTR-001,electricity,1.70
2026-09-30T19:00,MTR-002,water,13.02
2026-09-30T20:00,MTR-001,electricity,1.76
2026-09-30T20:00,MTR-002,water,12.78
2026-09-30T21:00,MTR-001,electricity,1.54
2026-09-30T21:00,MTR-002,water,13.30
2026-09-30T22:00,MTR-001,electricity,1.49
2026-09-30T22:00,MTR-002,water,6.40
2026-09-30T23:00,MTR-001,electricity,0.50
2026-09-30T23:00,MTR-002,water,7.45
2026-10-01T00:00,MTR-001,electricity,0.37
2026-10-01T00:00,MTR-002,water,6.87
2026-10-01T01:00,MTR-001,electricity,0.26
2026-10-01T01:00,MTR-002,water,17.78
2026-10-01T02:00,MTR-001,electricity,0.55
2026-10-01T02:00,MTR-002,water,19.72
2026-10-01T03:00,MTR-001,electricity,0.45
2026-10-01T03:00,MTR-002,water,17.08
2026-10-01T04:00,MTR-001,electricity,0.26
2026-10-01T04:00,MTR-002,water,6.50
2026-10-01T05:00,MTR-001,electricity,0.51
2026-10-01T05:00,MTR-002,water,7.68
2026-10-01T06:00,MTR-001,electricity,0.39
2026-10-01T06:00,MTR-002,water,15.26
2026-10-01T07:00,MTR-001,electricity,1.20
2026-10-01T07:00,MTR-002,water,15.96
2026-10-01T08:00,MTR-001,electricity,1.23
2026-10-01T08:00,MTR-002,water,15.17
2026-10-01T09:00,MTR-001,electricity,1.27
2026-10-01T09:00,MTR-002,water,16.27
2026-10-01T10:00,MTR-001,electricity,0.45
2026-10-01T10:00,MTR-002,water,6.41
2026-10-01T11:00,MTR-001,electricity,0.36
2026-10-01T11:00,MTR-002,water,8.59
2026-10-01T12:00,MTR-001,electricity,0.84
2026-10-01T12:00,MTR-002,water,7.51
2026-10-01T13:00,MTR-001,electricity,0.80
2026-10-01T13:00,MTR-002,water,7.27
2026-10-01T14:00,MTR-001,electricity,0.65
2026-10-01T14:00,MTR-002,water,7.29
2026-10-01T15:00,MTR-001,electricity,0.47
2026-10-01T15:00,MTR-002,water,6.79
2026-10-01T16:00,MTR-001,electricity,0.52
2026-10-01T16:00,MTR-002,water,6.83
2026-10-01T17:00,MTR-001,electricity,0.37
2026-10-01T17:00,MTR-002,water,6.09
2026-10-01T18:00,MTR-001,electricity,1.51
2026-10-01T18:00,MTR-002,water,6.06
2026-10-01T19:00,MTR-001,electricity,1.72
2026-10-01T19:00,MTR-002,water,12.25
2026-10-01T20:00,MTR-001,electricity,1.63
2026-10-01T20:00,MTR-002,water,13.74
2026-10-01T21:00,MTR-001,electricity,1.54
2026-10-01T21:00,MTR-002,water,11.40
2026-10-01T22:00,MTR-001,electricity,1.59
2026-10-01T22:00,MTR-002,water,6.66
2026-10-01T23:00,MTR-001,electricity,0.44
2026-10-01T23:00,MTR-002,water,7.19
2026-10-02T00:00,MTR-001,electricity,0.46
2026-10-02T00:00,MTR-002,water,8.42
2026-10-02T01:00,MTR-001,electricity,0.36
2026-10-02T01:00,MTR-002,water,8.11
2026-10-02T02:00,MTR-001,electricity,0.35
2026-10-02T02:00,MTR-002,water,6.77
2026-10-02T03:00,MTR-001,electricity,0.53
2026-10-02T03:00,MTR-002,water,5.83
2026-10-02T04:00,MTR-001,electricity,0.65
2026-10-02T04:00,MTR-002,water,16.89
2026-10-02T05:00,MTR-001,electricity,0.49
2026-10-02T05:00,MTR-002,water,6.03
2026-10-02T06:00,MTR-001,electricity,0.46
2026-10-02T06:00,MTR-002,water,13.75
2026-10-02T07:00,MTR-001,electricity,1.26
2026-10-02T07:00,MTR-002,water,15.10
2026-10-02T08:00,MTR-001,electricity,1.02
2026-10-02T08:00,MTR-002,water,17.57
2026-10-02T09:00,MTR-001,electricity,1.24
2026-10-02T09:00,MTR-002,water,14.86
2026-10-02T10:00,MTR-001,electricity,0.34
2026-10-02T10:00,MTR-002,water,7.14
2026-10-02T11:00,MTR-001,electricity,0.62
2026-10-02T11:00,MTR-002,water,5.49
2026-10-02T12:00,MTR-001,electricity,0.72
2026-10-02T12:00,MTR-002,water,7.15
2026-10-02T13:00,MTR-001,electricity,0.79
2026-10-02T13:00,MTR-002,water,6.82
2026-10-02T14:00,MTR-001,electricity,0.94
2026-10-02T14:00,MTR-002,water,7.98
2026-10-02T15:00,MTR-001,electricity,0.32
2026-10-02T15:00,MTR-002,water,6.42
2026-10-02T16:00,MTR-001,electricity,0.48
2026-10-02T16:00,MTR-002,water,7.30
2026-10-02T17:00,MTR-001,electricity,0.23
2026-10-02T17:00,MTR-002,water,7.17
2026-10-02T18:00,MTR-001,electricity,1.78
2026-10-02T18:00,MTR-002,water,7.39
2026-10-02T19:00,MTR-001,electricity,1.82
2026-10-02T19:00,MTR-002,water,13.68
2026-10-02T20:00,MTR-001,electricity,1.45
2026-10-02T20:00,MTR-002,water,10.97
2026-10-02T21:00,MTR-001,electricity,1.69
2026-10-02T21:00,MTR-002,water,11.77
2026-10-02T22:00,MTR-001,electricity,1.65
2026-10-02T22:00,MTR-002,water,4.92
2026-10-02T23:00,MTR-001,electricity,0.35
2026-10-02T23:00,MTR-002,water,7.66
2026-10-03T00:00,MTR-001,electricity,0.27
2026-10-03T00:00,MTR-002,water,7.37
2026-10-03T01:00,MTR-001,electricity,0.15
2026-10-03T01:00,MTR-002,water,7.28
2026-10-03T02:00,MTR-001,electricity,0.44
2026-10-03T02:00,MTR-002,water,8.60
2026-10-03T03:00,MTR-001,electricity,0.46
2026-10-03T03:00,MTR-002,water,7.13
2026-10-03T04:00,MTR-001,electricity,0.43
2026-10-03T04:00,MTR-002,water,6.32
2026-10-03T05:00,MTR-001,electricity,0.29
2026-10-03T05:00,MTR-002,water,7.76
2026-10-03T06:00,MTR-001,electricity,0.47
2026-10-03T06:00,MTR-002,water,14.56
2026-10-03T07:00,MTR-001,electricity,1.48
2026-10-03T07:00,MTR-002,water,14.68
2026-10-03T08:00,MTR-001,electricity,1.27
2026-10-03T08:00,MTR-002,water,15.48
2026-10-03T09:00,MTR-001,electricity,1.15
2026-10-03T09:00,MTR-002,water,16.69
2026-10-03T10:00,MTR-001,electricity,0.52
2026-10-03T10:00,MTR-002,water,5.52
2026-10-03T11:00,MTR-001,electricity,0.58
2026-10-03T11:00,MTR-002,water,7.53
2026-10-03T12:00,MTR-001,electricity,0.82
2026-10-03T12:00,MTR-002,water,6.65
2026-10-03T13:00,MTR-001,electricity,0.38
2026-10-03T13:00,MTR-002,water,6.10
2026-10-03T14:00,MTR-001,electricity,0.63
2026-10-03T14:00,MTR-002,water,6.21
2026-10-03T15:00,MTR-001,electricity,0.35
2026-10-03T15:00,MTR-002,water,6.33
2026-10-03T16:00,MTR-001,electricity,0.37
2026-10-03T16:00,MTR-002,water,5.62
2026-10-03T17:00,MTR-001,electricity,0.44
2026-10-03T17:00,MTR-002,water,6.25
2026-10-03T18:00,MTR-001,electricity,1.58
2026-10-03T18:00,MTR-002,water,6.56
2026-10-03T19:00,MTR-001,electricity,1.55
2026-10-03T19:00,MTR-002,water,13.80
2026-10-03T20:00,MTR-001,electricity,1.53
2026-10-03T20:00,MTR-002,water,11.20
2026-10-03T21:00,MTR-001,electricity,1.53
2026-10-03T21:00,MTR-002,water,11.89
2026-10-03T22:00,MTR-001,electricity,1.43
2026-10-03T22:00,MTR-002,water,6.80
2026-10-03T23:00,MTR-001,electricity,0.49
2026-10-03T23:00,MTR-002,water,6.87
2026-10-04T00:00,MTR-001,electricity,0.25
2026-10-04T00:00,MTR-002,water,6.47
2026-10-04T01:00,MTR-001,electricity,0.60
2026-10-04T01:00,MTR-002,water,7.42
2026-10-04T02:00,MTR-001,electricity,0.29
2026-10-04T02:00,MTR-002,water,6.35
2026-10-04T03:00,MTR-001,electricity,0.53
2026-10-04T03:00,MTR-002,water,5.65
2026-10-04T04:00,MTR-001,electricity,0.44
2026-10-04T04:00,MTR-002,water,7.34
2026-10-04T05:00,MTR-001,electricity,0.58
2026-10-04T05:00,MTR-002,water,7.66
2026-10-04T06:00,MTR-001,electricity,0.50
2026-10-04T06:00,MTR-002,water,13.82
2026-10-04T07:00,MTR-001,electricity,1.20
2026-10-04T07:00,MTR-002,water,13.42
2026-10-04T08:00,MTR-001,electricity,1.35
2026-10-04T08:00,MTR-002,water,14.90
2026-10-04T09:00,MTR-001,electricity,1.17
2026-10-04T09:00,MTR-002,water,14.68
2026-10-04T10:00,MTR-001,electricity,0.52
2026-10-04T10:00,MTR-002,water,5.47
2026-10-04T11:00,MTR-001,electricity,0.58
2026-10-04T11:00,MTR-002,water,6.02
2026-10-04T12:00,MTR-001,electricity,0.60
2026-10-04T12:00,MTR-002,water,7.60
2026-10-04T13:00,MTR-001,electricity,0.74
2026-10-04T13:00,MTR-002,water,5.50
2026-10-04T14:00,MTR-001,electricity,0.71
2026-10-04T14:00,MTR-002,water,7.32
2026-10-04T15:00,MTR-001,electricity,0.55
2026-10-04T15:00,MTR-002,water,7.78
2026-10-04T16:00,MTR-001,electricity,0.66
2026-10-04T16:00,MTR-002,water,6.32
2026-10-04T17:00,MTR-001,electricity,0.56
2026-10-04T17:00,MTR-002,water,5.87
2026-10-04T18:00,MTR-001,electricity,1.76
2026-10-04T18:00,MTR-002,water,6.43
2026-10-04T19:00,MTR-001,electricity,1.63
2026-10-04T19:00,MTR-002,water,14.55
2026-10-04T20:00,MTR-001,electricity,1.59
2026-10-04T20:00,MTR-002,water,10.49
2026-10-04T21:00,MTR-001,electricity,1.61
2026-10-04T21:00,MTR-002,water,12.17
2026-10-04T22:00,MTR-001,electricity,1.49
2026-10-04T22:00,MTR-002,water,6.22
2026-10-04T23:00,MTR-001,electricity,0.41
2026-10-04T23:00,MTR-002,water,6.07
2026-10-05T00:00,MTR-001,electricity,0.46
2026-10-05T00:00,MTR-002,water,8.10
2026-10-05T01:00,MTR-001,electricity,0.37
2026-10-05T01:00,MTR-002,water,7.26
2026-10-05T02:00,MTR-001,electricity,0.46
2026-10-05T02:00,MTR-002,water,5.78
2026-10-05T03:00,MTR-001,electricity,0.49
2026-10-05T03:00,MTR-002,water,7.12
2026-10-05T04:00,MTR-001,electricity,0.35
2026-10-05T04:00,MTR-002,water,8.16
2026-10-05T05:00,MTR-001,electricity,0.52
2026-10-05T05:00,MTR-002,water,7.72
2026-10-05T06:00,MTR-001,electricity,0.46
2026-10-05T06:00,MTR-002,water,14.88
2026-10-05T07:00,MTR-001,electricity,1.22
2026-10-05T07:00,MTR-002,water,13.95
2026-10-05T08:00,MTR-001,electricity,1.26
2026-10-05T08:00,MTR-002,water,16.18
2026-10-05T09:00,MTR-001,electricity,1.23
2026-10-05T09:00,MTR-002,water,15.10
2026-10-05T10:00,MTR-001,electricity,0.53
2026-10-05T10:00,MTR-002,water,6.22
2026-10-05T11:00,MTR-001,electricity,0.45
2026-10-05T11:00,MTR-002,water,7.64
2026-10-05T12:00,MTR-001,electricity,0.71
2026-10-05T12:00,MTR-002,water,5.91
2026-10-05T13:00,MTR-001,electricity,0.61
2026-10-05T13:00,MTR-002,water,6.90
2026-10-05T14:00,MTR-001,electricity,0.64
2026-10-05T14:00,MTR-002,water,6.82
2026-10-05T15:00,MTR-001,electricity,0.49
2026-10-05T15:00,MTR-002,water,6.69
2026-10-05T16:00,MTR-001,electricity,0.44
2026-10-05T16:00,MTR-002,water,6.20
2026-10-05T17:00,MTR-001,electricity,0.27
2026-10-05T17:00,MTR-002,water,6.82
2026-10-05T18:00,MTR-001,electricity,1.75
2026-10-05T18:00,MTR-002,water,5.25
2026-10-05T19:00,MTR-001,electricity,1.56
2026-10-05T19:00,MTR-002,water,12.95
2026-10-05T20:00,MTR-001,electricity,1.65
2026-10-05T20:00,MTR-002,water,12.45
2026-10-05T21:00,MTR-001,electricity,1.62
2026-10-05T21:00,MTR-002,water,13.93
2026-10-05T22:00,MTR-001,electricity,1.62
2026-10-05T22:00,MTR-002,water,6.85
2026-10-05T23:00,MTR-001,electricity,0.48
2026-10-05T23:00,MTR-002,water,7.91
2026-10-06T00:00,MTR-001,electricity,0.35
2026-10-06T00:00,MTR-002,water,6.58
2026-10-06T01:00,MTR-001,electricity,0.44
2026-10-06T01:00,MTR-002,water,7.93
2026-10-06T02:00,MTR-001,electricity,2.87
2026-10-06T02:00,MTR-002,water,8.06
2026-10-06T03:00,MTR-001,electricity,0.48
2026-10-06T03:00,MTR-002,water,5.82
2026-10-06T04:00,MTR-001,electricity,0.48
2026-10-06T04:00,MTR-002,water,8.86
2026-10-06T05:00,MTR-001,electricity,0.55
2026-10-06T05:00,MTR-002,water,7.28
2026-10-06T06:00,MTR-001,electricity,0.46
2026-10-06T06:00,MTR-002,water,14.40
2026-10-06T07:00,MTR-001,electricity,1.06
2026-10-06T07:00,MTR-002,water,13.79
2026-10-06T08:00,MTR-001,electricity,1.25
2026-10-06T08:00,MTR-002,water,14.34
2026-10-06T09:00,MTR-001,electricity,1.08
2026-10-06T09:00,MTR-002,water,14.49
2026-10-06T10:00,MTR-001,electricity,0.43
2026-10-06T10:00,MTR-002,water,6.78
2026-10-06T11:00,MTR-001,electricity,0.57
2026-10-06T11:00,MTR-002,water,8.96
2026-10-06T12:00,MTR-001,electricity,0.68
2026-10-06T12:00,MTR-002,water,6.30
2026-10-06T13:00,MTR-001,electricity,0.71
2026-10-06T13:00,MTR-002,water,5.29
2026-10-06T14:00,MTR-001,electricity,0.75
2026-10-06T14:00,MTR-002,water,6.08
2026-10-06T15:00,MTR-001,electricity,0.43
2026-10-06T15:00,MTR-002,water,7.27
2026-10-06T16:00,MTR-001,electricity,0.38
2026-10-06T16:00,MTR-002,water,7.59
2026-10-06T17:00,MTR-001,electricity,0.33
2026-10-06T17:00,MTR-002,water,6.35
2026-10-06T18:00,MTR-001,electricity,1.57
2026-10-06T18:00,MTR-002,water,7.83
2026-10-06T19:00,MTR-001,electricity,1.77
2026-10-06T19:00,MTR-002,water,14.32
2026-10-06T20:00,MTR-001,electricity,1.52
2026-10-06T20:00,MTR-002,water,12.12
2026-10-06T21:00,MTR-001,electricity,1.63
2026-10-06T21:00,MTR-002,water,13.20
2026-10-06T22:00,MTR-001,electricity,1.72
2026-10-06T22:00,MTR-002,water,5.02
2026-10-06T23:00,MTR-001,electricity,0.54
2026-10-06T23:00,MTR-002,water,7.11
2026-10-07T00:00,MTR-001,electricity,0.58
2026-10-07T00:00,MTR-002,water,8.08
2026-10-07T01:00,MTR-001,electricity,0.57
2026-10-07T01:00,MTR-002,water,6.67
2026-10-07T02:00,MTR-001,electricity,0.54
2026-10-07T02:00,MTR-002,water,7.56
2026-10-07T03:00,MTR-001,electricity,5.56
2026-10-07T03:00,MTR-002,water,6.75
2026-10-07T04:00,MTR-001,electricity,0.33
2026-10-07T04:00,MTR-002,water,5.96
2026-10-07T05:00,MTR-001,electricity,0.34
2026-10-07T05:00,MTR-002,water,6.43
2026-10-07T06:00,MTR-001,electricity,0.34
2026-10-07T06:00,MTR-002,water,14.67
2026-10-07T07:00,MTR-001,electricity,1.23
2026-10-07T07:00,MTR-002,water,13.67
2026-10-07T08:00,MTR-001,electricity,1.24
2026-10-07T08:00,MTR-002,water,13.65
2026-10-07T09:00,MTR-001,electricity,1.36
2026-10-07T09:00,MTR-002,water,13.43
2026-10-07T10:00,MTR-001,electricity,0.35
2026-10-07T10:00,MTR-002,water,7.94
2026-10-07T11:00,MTR-001,electricity,0.41
2026-10-07T11:00,MTR-002,water,7.49
2026-10-07T12:00,MTR-001,electricity,0.68
2026-10-07T12:00,MTR-002,water,5.07
2026-10-07T13:00,MTR-001,electricity,0.65
2026-10-07T13:00,MTR-002,water,5.91
2026-10-07T14:00,MTR-001,electricity,0.75
2026-10-07T14:00,MTR-002,water,7.25
2026-10-07T15:00,MTR-001,electricity,0.58
2026-10-07T15:00,MTR-002,water,7.21
2026-10-07T16:00,MTR-001,electricity,0.48
2026-10-07T16:00,MTR-002,water,6.28
2026-10-07T17:00,MTR-001,electricity,0.44
2026-10-07T17:00,MTR-002,water,7.83
2026-10-07T18:00,MTR-001,electricity,1.76
2026-10-07T18:00,MTR-002,water,5.40
2026-10-07T19:00,MTR-001,electricity,1.55
2026-10-07T19:00,MTR-002,water,13.58
